time,pos_x,pos_y,pos_z,vel_x,vel_y,vel_z,acc_x,acc_y,acc_z,euler_roll,euler_pitch,euler_yaw,euler_rate_r,euler_rate_p,euler_rate_y,euler_acc_r,euler_acc_p,euler_acc_y,quat_w,quat_x,quat_y,quat_z,quat_rate_w,quat_rate_x,quat_rate_y,quat_rate_z,quat_acc_w,quat_acc_x,quat_acc_y,quat_acc_z,ang_vel_x,ang_vel_y,ang_vel_z,ang_acc_x,ang_acc_y,ang_acc_z
0,0,0,0,0,0,0,0,0,0,0,-0,0,0,0,0,0,0,0,1,0,0,0,-0,0,0,0,0,0,0,0,0,0,0,0,0,0
0.0202020202020202,0,0,-0.0101010101010101,0,0,-0.5,0,0,-0,0,-0,0,0,0,0,0,0,0,1,0,0,0,-0,0,0,0,0,0,0,0,0,0,0,0,0,0
0.0404040404040404,0,0,-0.0202020202020202,0,0,-0.5,0,0,-0,0,-0,0,0,0,0,0,0,0,1,0,0,0,-0,0,0,0,0,0,0,0,0,0,0,0,0,0
0.0606060606060606,0,0,-0.0303030303030303,0,0,-0.5,0,0,-0,0,-0,0,0,0,0,0,0,0,1,0,0,0,-0,0,0,0,0,0,0,0,0,0,0,0,0,0
0.0808080808080808,0,0,-0.0404040404040404,0,0,-0.5,0,0,-0,0,-0,0,0,0,0,0,0,0,1,0,0,0,-0,0,0,0,0,0,0,0,0,0,0,0,0,0
0.101010101010101,0,0,-0.0505050505050505,0,0,-0.5,0,0,-0,0,-0,0,0,0,0,0,0,0,1,0,0,0,-0,0,0,0,0,0,0,0,0,0,0,0,0,0
0.121212121212121,0,0,-0.0606060606060606,0,0,-0.5,0,0,-0,0,-0,0,0,0,0,0,0,0,1,0,0,0,-0,0,0,0,0,0,0,0,0,0,0,0,0,0
0.141414141414141,0,0,-0.0707070707070707,0,0,-0.5,0,0,-0,0,-0,0,0,0,0,0,0,0,1,0,0,0,-0,0,0,0,0,0,0,0,0,0,0,0,0,0
0.161616161616162,0,0,-0.0808080808080808,0,0,-0.5,0,0,-0,0,-0,0,0,0,0,0,0,0,1,0,0,0,-0,0,0,0,0,0,0,0,0,0,0,0,0,0
0.181818181818182,0,0,-0.0909090909090909,0,0,-0.5,0,0,-0,0,-0,0,0,0,0,0,0,0,1,0,0,0,-0,0,0,0,0,0,0,0,0,0,0,0,0,0
0.202020202020202,0,0,-0.101010101010101,0,0,-0.5,0,0,-0,0,-0,0,0,0,0,0,0,0,1,0,0,0,-0,0,0,0,0,0,0,0,0,0,0,0,0,0
0.222222222222222,0,0,-0.111111111111111,0,0,-0.5,0,0,-0,0,-0,0,0,0,0,0,0,0,1,0,0,0,-0,0,0,0,0,0,0,0,0,0,0,0,0,0
0.242424242424242,0,0,-0.121212121212121,0,0,-0.5,0,0,-0,0,-0,0,0,0,0,0,0,0,1,0,0,0,-0,0,0,0,0,0,0,0,0,0,0,0,0,0
0.262626262626263,0,0,-0.131313131313131,0,0,-0.5,0,0,-0,0,-0,0,0,0,0,0,0,0,1,0,0,0,-0,0,0,0,0,0,0,0,0,0,0,0,0,0
0.282828282828283,0,0,-0.141414141414141,0,0,-0.5,0,0,-0,0,-0,0,0,0,0,0,0,0,1,0,0,0,-0,0,0,0,0,0,0,0,0,0,0,0,0,0
0.303030303030303,0,0,-0.151515151515152,0,0,-0.5,0,0,-0,0,-0,0,0,0,0,0,0,0,1,0,0,0,-0,0,0,0,0,0,0,0,0,0,0,0,0,0
0.323232323232323,0,0,-0.161616161616162,0,0,-0.5,0,0,-0,0,-0,0,0,0,0,0,0,0,1,0,0,0,-0,0,0,0,0,0,0,0,0,0,0,0,0,0
0.343434343434343,0,0,-0.171717171717172,0,0,-0.5,0,0,-0,0,-0,0,0,0,0,0,0,0,1,0,0,0,-0,0,0,0,0,0,0,0,0,0,0,0,0,0
0.363636363636364,0,0,-0.181818181818182,0,0,-0.5,0,0,-0,0,-0,0,0,0,0,0,0,0,1,0,0,0,-0,0,0,0,0,0,0,0,0,0,0,0,0,0
0.383838383838384,0,0,-0.191919191919192,0,0,-0.5,0,0,-0,0,-0,0,0,0,0,0,0,0,1,0,0,0,-0,0,0,0,0,0,0,0,0,0,0,0,0,0
0.404040404040404,0,0,-0.202020202020202,0,0,-0.5,0,0,-0,0,-0,0,0,0,0,0,0,0,1,0,0,0,-0,0,0,0,0,0,0,0,0,0,0,0,0,0
0.424242424242424,0,0,-0.212121212121212,0,0,-0.5,0,0,-0,0,-0,0,0,0,0,0,0,0,1,0,0,0,-0,0,0,0,0,0,0,0,0,0,0,0,0,0
0.444444444444444,0,0,-0.222222222222222,0,0,-0.5,0,0,-0,0,-0,0,0,0,0,0,0,0,1,0,0,0,-0,0,0,0,0,0,0,0,0,0,0,0,0,0
0.464646464646465,0,0,-0.232323232323232,0,0,-0.5,0,0,-0,0,-0,0,0,0,0,0,0,0,1,0,0,0,-0,0,0,0,0,0,0,0,0,0,0,0,0,0
0.484848484848485,0,0,-0.242424242424242,0,0,-0.5,0,0,-0,0,-0,0,0,0,0,0,0,0,1,0,0,0,-0,0,0,0,0,0,0,0,0,0,0,0,0,0
0.505050505050505,0,0,-0.252525252525253,0,0,-0.5,0,0,-0,0,-0,0,0,0,0,0,0,0,1,0,0,0,-0,0,0,0,0,0,0,0,0,0,0,0,0,0
0.525252525252525,0,0,-0.262626262626263,0,0,-0.5,0,0,-0,0,-0,0,0,0,0,0,0,0,1,0,0,0,-0,0,0,0,0,0,0,0,0,0,0,0,0,0
0.545454545454545,0,0,-0.272727272727273,0,0,-0.5,0,0,-0,0,-0,0,0,0,0,0,0,0,1,0,0,0,-0,0,0,0,0,0,0,0,0,0,0,0,0,0
0.565656565656566,0,0,-0.282828282828283,0,0,-0.5,0,0,-0,0,-0,0,0,0,0,0,0,0,1,0,0,0,-0,0,0,0,0,0,0,0,0,0,0,0,0,0
0.585858585858586,0,0,-0.292929292929293,0,0,-0.5,0,0,-0,0,-0,0,0,0,0,0,0,0,1,0,0,0,-0,0,0,0,0,0,0,0,0,0,0,0,0,0
0.606060606060606,0,0,-0.303030303030303,0,0,-0.5,0,0,-0,0,-0,0,0,0,0,0,0,0,1,0,0,0,-0,0,0,0,0,0,0,0,0,0,0,0,0,0
0.626262626262626,0,0,-0.313131313131313,0,0,-0.5,0,0,-0,0,-0,0,0,0,0,0,0,0,1,0,0,0,-0,0,0,0,0,0,0,0,0,0,0,0,0,0
0.646464646464647,0,0,-0.323232323232323,0,0,-0.5,0,0,-0,0,-0,0,0,0,0,0,0,0,1,0,0,0,-0,0,0,0,0,0,0,0,0,0,0,0,0,0
0.666666666666667,0,0,-0.333333333333333,0,0,-0.5,0,0,-0,0,-0,0,0,0,0,0,0,0,1,0,0,0,-0,0,0,0,0,0,0,0,0,0,0,0,0,0
0.686868686868687,0,0,-0.343434343434343,0,0,-0.5,0,0,-0,0,-0,0,0,0,0,0,0,0,1,0,0,0,-0,0,0,0,0,0,0,0,0,0,0,0,0,0
0.707070707070707,0,0,-0.353535353535354,0,0,-0.5,0,0,-0,0,-0,0,0,0,0,0,0,0,1,0,0,0,-0,0,0,0,0,0,0,0,0,0,0,0,0,0
0.727272727272727,0,0,-0.363636363636364,0,0,-0.5,0,0,-0,0,-0,0,0,0,0,0,0,0,1,0,0,0,-0,0,0,0,0,0,0,0,0,0,0,0,0,0
0.747474747474748,0,0,-0.373737373737374,0,0,-0.5,0,0,-0,0,-0,0,0,0,0,0,0,0,1,0,0,0,-0,0,0,0,0,0,0,0,0,0,0,0,0,0
0.767676767676768,0,0,-0.383838383838384,0,0,-0.5,0,0,-0,0,-0,0,0,0,0,0,0,0,1,0,0,0,-0,0,0,0,0,0,0,0,0,0,0,0,0,0
0.787878787878788,0,0,-0.393939393939394,0,0,-0.5,0,0,-0,0,-0,0,0,0,0,0,0,0,1,0,0,0,-0,0,0,0,0,0,0,0,0,0,0,0,0,0
0.808080808080808,0,0,-0.404040404040404,0,0,-0.5,0,0,-0,0,-0,0,0,0,0,0,0,0,1,0,0,0,-0,0,0,0,0,0,0,0,0,0,0,0,0,0
0.828282828282828,0,0,-0.414141414141414,0,0,-0.5,0,0,-0,0,-0,0,0,0,0,0,0,0,1,0,0,0,-0,0,0,0,0,0,0,0,0,0,0,0,0,0
0.848484848484849,0,0,-0.424242424242424,0,0,-0.5,0,0,-0,0,-0,0,0,0,0,0,0,0,1,0,0,0,-0,0,0,0,0,0,0,0,0,0,0,0,0,0
0.868686868686869,0,0,-0.434343434343434,0,0,-0.5,0,0,-0,0,-0,0,0,0,0,0,0,0,1,0,0,0,-0,0,0,0,0,0,0,0,0,0,0,0,0,0
0.888888888888889,0,0,-0.444444444444444,0,0,-0.5,0,0,-0,0,-0,0,0,0,0,0,0,0,1,0,0,0,-0,0,0,0,0,0,0,0,0,0,0,0,0,0
0.909090909090909,0,0,-0.454545454545455,0,0,-0.5,0,0,-0,0,-0,0,0,0,0,0,0,0,1,0,0,0,-0,0,0,0,0,0,0,0,0,0,0,0,0,0
0.929292929292929,0,0,-0.464646464646465,0,0,-0.5,0,0,-0,0,-0,0,0,0,0,0,0,0,1,0,0,0,-0,0,0,0,0,0,0,0,0,0,0,0,0,0
0.94949494949495,0,0,-0.474747474747475,0,0,-0.5,0,0,-0,0,-0,0,0,0,0,0,0,0,1,0,0,0,-0,0,0,0,0,0,0,0,0,0,0,0,0,0
0.96969696969697,0,0,-0.484848484848485,0,0,-0.5,0,0,-0,0,-0,0,0,0,0,0,0,0,1,0,0,0,-0,0,0,0,0,0,0,0,0,0,0,0,0,0
0.98989898989899,0,0,-0.494949494949495,0,0,-0.5,0,0,-0,0,-0,0,0,0,0,0,0,0,1,0,0,0,-0,0,0,0,0,0,0,0,0,0,0,0,0,0
1.01010101010101,0,0,-0.505050505050505,0,0,-0.5,0,0,-0,0,-0,0,0,0,0,0,0,0,1,0,0,0,-0,0,0,0,0,0,0,0,0,0,0,0,0,0
1.03030303030303,0,0,-0.515151515151515,0,0,-0.5,0,0,-0,0,-0,0,0,0,0,0,0,0,1,0,0,0,-0,0,0,0,0,0,0,0,0,0,0,0,0,0
1.05050505050505,0,0,-0.525252525252525,0,0,-0.5,0,0,-0,0,-0,0,0,0,0,0,0,0,1,0,0,0,-0,0,0,0,0,0,0,0,0,0,0,0,0,0
1.07070707070707,0,0,-0.535353535353535,0,0,-0.5,0,0,-0,0,-0,0,0,0,0,0,0,0,1,0,0,0,-0,0,0,0,0,0,0,0,0,0,0,0,0,0
1.09090909090909,0,0,-0.545454545454545,0,0,-0.5,0,0,-0,0,-0,0,0,0,0,0,0,0,1,0,0,0,-0,0,0,0,0,0,0,0,0,0,0,0,0,0
1.11111111111111,0,0,-0.555555555555556,0,0,-0.5,0,0,-0,0,-0,0,0,0,0,0,0,0,1,0,0,0,-0,0,0,0,0,0,0,0,0,0,0,0,0,0
1.13131313131313,0,0,-0.565656565656566,0,0,-0.5,0,0,-0,0,-0,0,0,0,0,0,0,0,1,0,0,0,-0,0,0,0,0,0,0,0,0,0,0,0,0,0
1.15151515151515,0,0,-0.575757575757576,0,0,-0.5,0,0,-0,0,-0,0,0,0,0,0,0,0,1,0,0,0,-0,0,0,0,0,0,0,0,0,0,0,0,0,0
1.17171717171717,0,0,-0.585858585858586,0,0,-0.5,0,0,-0,0,-0,0,0,0,0,0,0,0,1,0,0,0,-0,0,0,0,0,0,0,0,0,0,0,0,0,0
1.19191919191919,0,0,-0.595959595959596,0,0,-0.5,0,0,-0,0,-0,0,0,0,0,0,0,0,1,0,0,0,-0,0,0,0,0,0,0,0,0,0,0,0,0,0
1.21212121212121,0,0,-0.606060606060606,0,0,-0.5,0,0,-0,0,-0,0,0,0,0,0,0,0,1,0,0,0,-0,0,0,0,0,0,0,0,0,0,0,0,0,0
1.23232323232323,0,0,-0.616161616161616,0,0,-0.5,0,0,-0,0,-0,0,0,0,0,0,0,0,1,0,0,0,-0,0,0,0,0,0,0,0,0,0,0,0,0,0
1.25252525252525,0,0,-0.626262626262626,0,0,-0.5,0,0,-0,0,-0,0,0,0,0,0,0,0,1,0,0,0,-0,0,0,0,0,0,0,0,0,0,0,0,0,0
1.27272727272727,0,0,-0.636363636363636,0,0,-0.5,0,0,-0,0,-0,0,0,0,0,0,0,0,1,0,0,0,-0,0,0,0,0,0,0,0,0,0,0,0,0,0
1.29292929292929,0,0,-0.646464646464647,0,0,-0.5,0,0,-0,0,-0,0,0,0,0,0,0,0,1,0,0,0,-0,0,0,0,0,0,0,0,0,0,0,0,0,0
1.31313131313131,0,0,-0.656565656565657,0,0,-0.5,0,0,-0,0,-0,0,0,0,0,0,0,0,1,0,0,0,-0,0,0,0,0,0,0,0,0,0,0,0,0,0
1.33333333333333,0,0,-0.666666666666667,0,0,-0.5,0,0,-0,0,-0,0,0,0,0,0,0,0,1,0,0,0,-0,0,0,0,0,0,0,0,0,0,0,0,0,0
1.35353535353535,0,0,-0.676767676767677,0,0,-0.5,0,0,-0,0,-0,0,0,0,0,0,0,0,1,0,0,0,-0,0,0,0,0,0,0,0,0,0,0,0,0,0
1.37373737373737,0,0,-0.686868686868687,0,0,-0.5,0,0,-0,0,-0,0,0,0,0,0,0,0,1,0,0,0,-0,0,0,0,0,0,0,0,0,0,0,0,0,0
1.39393939393939,0,0,-0.696969696969697,0,0,-0.5,0,0,-0,0,-0,0,0,0,0,0,0,0,1,0,0,0,-0,0,0,0,0,0,0,0,0,0,0,0,0,0
1.41414141414141,0,0,-0.707070707070707,0,0,-0.5,0,0,-0,0,-0,0,0,0,0,0,0,0,1,0,0,0,-0,0,0,0,0,0,0,0,0,0,0,0,0,0
1.43434343434343,0,0,-0.717171717171717,0,0,-0.5,0,0,-0,0,-0,0,0,0,0,0,0,0,1,0,0,0,-0,0,0,0,0,0,0,0,0,0,0,0,0,0
1.45454545454545,0,0,-0.727272727272727,0,0,-0.5,0,0,-0,0,-0,0,0,0,0,0,0,0,1,0,0,0,-0,0,0,0,0,0,0,0,0,0,0,0,0,0
1.47474747474747,0,0,-0.737373737373737,0,0,-0.5,0,0,-0,0,-0,0,0,0,0,0,0,0,1,0,0,0,-0,0,0,0,0,0,0,0,0,0,0,0,0,0
1.4949494949495,0,0,-0.747474747474748,0,0,-0.5,0,0,-0,0,-0,0,0,0,0,0,0,0,1,0,0,0,-0,0,0,0,0,0,0,0,0,0,0,0,0,0
1.51515151515152,0,0,-0.757575757575758,0,0,-0.5,0,0,-0,0,-0,0,0,0,0,0,0,0,1,0,0,0,-0,0,0,0,0,0,0,0,0,0,0,0,0,0
1.53535353535354,0,0,-0.767676767676768,0,0,-0.5,0,0,-0,0,-0,0,0,0,0,0,0,0,1,0,0,0,-0,0,0,0,0,0,0,0,0,0,0,0,0,0
1.55555555555556,0,0,-0.777777777777778,0,0,-0.5,0,0,-0,0,-0,0,0,0,0,0,0,0,1,0,0,0,-0,0,0,0,0,0,0,0,0,0,0,0,0,0
1.57575757575758,0,0,-0.787878787878788,0,0,-0.5,0,0,-0,0,-0,0,0,0,0,0,0,0,1,0,0,0,-0,0,0,0,0,0,0,0,0,0,0,0,0,0
1.5959595959596,0,0,-0.797979797979798,0,0,-0.5,0,0,-0,0,-0,0,0,0,0,0,0,0,1,0,0,0,-0,0,0,0,0,0,0,0,0,0,0,0,0,0
1.61616161616162,0,0,-0.808080808080808,0,0,-0.5,0,0,-0,0,-0,0,0,0,0,0,0,0,1,0,0,0,-0,0,0,0,0,0,0,0,0,0,0,0,0,0
1.63636363636364,0,0,-0.818181818181818,0,0,-0.5,0,0,-0,0,-0,0,0,0,0,0,0,0,1,0,0,0,-0,0,0,0,0,0,0,0,0,0,0,0,0,0
1.65656565656566,0,0,-0.828282828282828,0,0,-0.5,0,0,-0,0,-0,0,0,0,0,0,0,0,1,0,0,0,-0,0,0,0,0,0,0,0,0,0,0,0,0,0
1.67676767676768,0,0,-0.838383838383838,0,0,-0.5,0,0,-0,0,-0,0,0,0,0,0,0,0,1,0,0,0,-0,0,0,0,0,0,0,0,0,0,0,0,0,0
1.6969696969697,0,0,-0.848484848484849,0,0,-0.5,0,0,-0,0,-0,0,0,0,0,0,0,0,1,0,0,0,-0,0,0,0,0,0,0,0,0,0,0,0,0,0
1.71717171717172,0,0,-0.858585858585859,0,0,-0.5,0,0,-0,0,-0,0,0,0,0,0,0,0,1,0,0,0,-0,0,0,0,0,0,0,0,0,0,0,0,0,0
1.73737373737374,0,0,-0.868686868686869,0,0,-0.5,0,0,-0,0,-0,0,0,0,0,0,0,0,1,0,0,0,-0,0,0,0,0,0,0,0,0,0,0,0,0,0
1.75757575757576,0,0,-0.878787878787879,0,0,-0.5,0,0,-0,0,-0,0,0,0,0,0,0,0,1,0,0,0,-0,0,0,0,0,0,0,0,0,0,0,0,0,0
1.77777777777778,0,0,-0.888888888888889,0,0,-0.5,0,0,-0,0,-0,0,0,0,0,0,0,0,1,0,0,0,-0,0,0,0,0,0,0,0,0,0,0,0,0,0
1.7979797979798,0,0,-0.898989898989899,0,0,-0.5,0,0,-0,0,-0,0,0,0,0,0,0,0,1,0,0,0,-0,0,0,0,0,0,0,0,0,0,0,0,0,0
1.81818181818182,0,0,-0.909090909090909,0,0,-0.5,0,0,-0,0,-0,0,0,0,0,0,0,0,1,0,0,0,-0,0,0,0,0,0,0,0,0,0,0,0,0,0
1.83838383838384,0,0,-0.919191919191919,0,0,-0.5,0,0,-0,0,-0,0,0,0,0,0,0,0,1,0,0,0,-0,0,0,0,0,0,0,0,0,0,0,0,0,0
1.85858585858586,0,0,-0.929292929292929,0,0,-0.5,0,0,-0,0,-0,0,0,0,0,0,0,0,1,0,0,0,-0,0,0,0,0,0,0,0,0,0,0,0,0,0
1.87878787878788,0,0,-0.939393939393939,0,0,-0.5,0,0,-0,0,-0,0,0,0,0,0,0,0,1,0,0,0,-0,0,0,0,0,0,0,0,0,0,0,0,0,0
1.8989898989899,0,0,-0.94949494949495,0,0,-0.5,0,0,-0,0,-0,0,0,0,0,0,0,0,1,0,0,0,-0,0,0,0,0,0,0,0,0,0,0,0,0,0
1.91919191919192,0,0,-0.95959595959596,0,0,-0.5,0,0,-0,0,-0,0,0,0,0,0,0,0,1,0,0,0,-0,0,0,0,0,0,0,0,0,0,0,0,0,0
1.93939393939394,0,0,-0.96969696969697,0,0,-0.5,0,0,-0,0,-0,0,0,0,0,0,0,0,1,0,0,0,-0,0,0,0,0,0,0,0,0,0,0,0,0,0
1.95959595959596,0,0,-0.97979797979798,0,0,-0.5,0,0,-0,0,-0,0,0,0,0,0,0,0,1,0,0,0,-0,0,0,0,0,0,0,0,0,0,0,0,0,0
1.97979797979798,0,0,-0.98989898989899,0,0,-0.5,0,0,-0,0,-0,0,0,0,0,0,0,0,1,0,0,0,-0,0,0,0,0,0,0,0,0,0,0,0,0,0
2,0,0,-1,0,0,-0.5,0,0,-0,0,-0,0,0,0,0,0,0,0,1,0,0,0,-0,0,0,0,0,0,0,0,0,0,0,0,0,0
2.04040404040404,0.0101010101010101,0,-1,0.25,0,0,0,0,0,0,-0.0158666295635847,0,0,0,0,0,0,0,0.999968531423333,0,-0.00793323156490965,0,-0.00155768637522167,0,-0.196343362008782,0,0,0,0,0,0,-0.392699081698724,0,0,1.0842021724855e-19,0
2.08080808080808,0.0202020202020202,0,-1,0.25,0,0,0,0,0,0,-0.0317332591271697,0,0,0,0,0,0,0,0.999874127673875,0,-0.0158659638348079,0,-0.00311527471409712,0,-0.196324825875922,0,0,0,0,0,0,-0.392699081698724,0,0,0,0
2.12121212121212,0.0303030303030303,0,-1,0.25,0,0,0,0,0,0,-0.0475998886907544,0,0,0,0,0,0,0,0.999716794693129,0,-0.0237976975461075,0,-0.00467266698645019,0,-0.196293933617392,0,0,0,0,0,0,-0.392699081698724,0,0,-2.16840434497101e-19,0
2.16161616161616,0.0404040404040404,0,-1,0.25,0,0,0,0,0,0,-0.0634665182543393,0,0,0,0,0,0,0,0.999496542383185,0,-0.0317279334980677,0,-0.00622976517444468,0,-0.196250687177463,0,0,0,0,0,0,-0.392699081698724,0,0,4.33680868994202e-19,0
2.2020202020202,0.0505050505050505,0,-1,0.25,0,0,0,0,0,0,-0.079333147817924,0,0,0,0,0,0,0,0.999213384606097,0,-0.0396561725842122,0,-0.00778647127875314,0,-0.196195089277944,0,0,0,0,0,0,-0.392699081698724,0,0,0,0
2.24242424242424,0.0606060606060606,0,-1,0.25,0,0,0,0,0,0,-0.0951997773815088,0,0,0,0,0,0,0,0.998867339183008,0,-0.0475819158237422,0,-0.00934268732472478,0,-0.196127143418008,0,0,0,0,0,0,-0.392699081698724,0,0,4.33680868994202e-19,0
2.28282828282828,0.0707070707070707,0,-1,0.25,0,0,0,0,0,0,-0.111066406945094,0,0,0,0,0,0,0,0.998458427893033,0,-0.0555046643929402,0,-0.0108983153685517,0,-0.196046853873973,0,0,0,0,0,0,-0.392699081698724,0,0,0,0
2.32323232323232,0.0808080808080808,0,-1,0.25,0,0,0,0,0,0,-0.126933036508678,0,0,0,0,0,0,0,0.997986676471884,0,-0.0634239196565645,0,-0.0124532575034333,0,-0.195954225699035,0,0,0,0,0,0,-0.392699081698724,0,0,-8.67361737988404e-19,0
2.36363636363636,0.0909090909090909,0,-1,0.25,0,0,0,0,0,0,-0.142799666072263,0,0,0,0,0,0,0,0.997452114610254,0,-0.0713391831992324,0,-0.0140074158657378,0,-0.195849264722949,0,0,0,0,0,0,-0.392699081698724,0,0,-8.67361737988404e-19,0
2.4040404040404,0.101010101010101,0,-1,0.25,0,0,0,0,0,0,-0.158666295635848,0,0,0,0,0,0,0,0.996854775951942,0,-0.0792499568567884,0,-0.0155606926411622,0,-0.195731977551658,0,0,0,0,0,0,-0.392699081698724,0,0,0,0
2.44444444444444,0.111111111111111,0,-1,0.25,0,0,0,0,0,0,-0.174532925199433,0,0,0,0,0,0,0,0.996194698091746,0,-0.0871557427476582,0,-0.0171129900708878,0,-0.195602371566883,0,0,0,0,0,0,-0.392699081698724,0,0,8.67361737988404e-19,0
2.48484848484848,0.121212121212121,0,-1,0.25,0,0,0,0,0,0,-0.190399554763018,0,0,0,0,0,0,0,0.995471922573085,0,-0.0950560433041826,0,-0.0186642104577333,0,-0.195460454925657,0,0,0,0,0,0,-0.392699081698724,0,0,8.67361737988404e-19,0
2.52525252525253,0.131313131313131,0,-1,0.25,0,0,0,0,0,0,-0.206266184326602,0,0,0,0,0,0,0,0.994686494885393,0,-0.102950361303934,0,-0.0202142561723034,0,-0.195306236559808,0,0,0,0,0,0,-0.392699081698724,0,0,0,0
2.56565656565657,0.141414141414141,0,-1,0.25,0,0,0,0,0,0,-0.222132813890187,0,0,0,0,0,0,0,0.993838464461254,0,-0.110838199901011,0,-0.0217630296591333,0,-0.195139726175402,0,0,0,0,0,0,-0.392699081698724,0,0,0,0
2.60606060606061,0.151515151515151,0,-1,0.25,0,0,0,0,0,0,-0.237999443453772,0,0,0,0,0,0,0,0.992927884673288,0,-0.118719062657305,0,-0.0233104334428285,0,-0.194960934252128,0,0,0,0,0,0,-0.392699081698724,0,0,0,0
2.64646464646465,0.161616161616162,0,-1,0.25,0,0,0,0,0,0,-0.253866073017357,0,0,0,0,0,0,0,0.991954812830795,0,-0.126592453573749,0,-0.0248563701341998,0,-0.194769872042642,0,0,0,0,0,0,-0.392699081698724,0,0,1.73472347597681e-18,0
2.68686868686869,0.171717171717172,0,-1,0.25,0,0,0,0,0,0,-0.269732702580942,0,0,0,0,0,0,0,0.990919310176147,0,-0.134457877121532,0,-0.0264007424363927,0,-0.194566551571853,0,0,0,0,0,0,-0.392699081698724,0,0,0,0
2.72727272727273,0.181818181818182,0,-1,0.25,0,0,0,0,0,0,-0.285599332144527,0,0,0,0,0,0,0,0.989821441880933,0,-0.142314838273285,0,-0.0279434531510108,0,-0.194350985636175,0,0,0,0,0,0,-0.392699081698724,0,0,1.73472347597681e-18,0
2.76767676767677,0.191919191919192,0,-1,0.25,0,0,0,0,0,0,-0.301465961708111,0,0,0,0,0,0,0,0.988661277041858,0,-0.15016284253424,0,-0.0294844051842331,0,-0.194123187802713,0,0,0,0,0,0,-0.392699081698724,0,0,0,0
2.80808080808081,0.202020202020202,0,-1,0.25,0,0,0,0,0,0,-0.317332591271696,0,0,0,0,0,0,0,0.987438888676394,0,-0.15800139597335,0,-0.0310235015529255,0,-0.193883172408414,0,0,0,0,0,0,-0.392699081698724,0,0,0,0
2.84848484848485,0.212121212121212,0,-1,0.25,0,0,0,0,0,0,-0.333199220835281,0,0,0,0,0,0,0,0.986154353718187,0,-0.165830005254374,0,-0.0325606453907437,0,-0.193630954559165,0,0,0,0,0,0,-0.392699081698724,0,0,-1.73472347597681e-18,0
2.88888888888889,0.222222222222222,0,-1,0.25,0,0,0,0,0,0,-0.349065850398866,0,0,0,0,0,0,0,0.984807753012208,0,-0.17364817766693,0,-0.0340957399542302,0,-0.193366550128839,0,0,0,0,0,0,-0.392699081698724,0,0,1.73472347597681e-18,0
2.92929292929293,0.232323232323232,0,-1,0.25,0,0,0,0,0,0,-0.364932479962451,0,0,0,0,0,0,0,0.983399171309674,0,-0.181455421157503,0,-0.0356286886289032,0,-0.193089975758298,0,0,0,0,0,0,-0.392699081698724,0,0,0,0
2.96969696969697,0.242424242424242,0,-1,0.25,0,0,0,0,0,0,-0.380799109526035,0,0,0,0,0,0,0,0.981928697262707,0,-0.18925124436041,0,-0.0371593949353369,0,-0.192801248854345,0,0,0,0,0,0,-0.392699081698724,0,0,-1.73472347597681e-18,0
3.01010101010101,0.252525252525253,0,-1,0.25,0,0,0,0,0,0,-0.39666573908962,0,0,0,0,0,0,0,0.980396423418757,0,-0.197035156628733,0,-0.0386877625352338,0,-0.19250038758863,0,0,0,0,0,0,-0.392699081698724,0,0,0,0
3.05050505050505,0.262626262626263,0,-1,0.25,0,0,0,0,0,0,-0.412532368653205,0,0,0,0,0,0,0,0.978802446214779,0,-0.204806668065191,0,-0.0402136952374879,0,-0.192187410896504,0,0,0,0,0,0,-0.392699081698724,0,0,0,0
3.09090909090909,0.272727272727273,0,-1,0.25,0,0,0,0,0,0,-0.42839899821679,0,0,0,0,0,0,0,0.97714686597116,0,-0.212565289552977,0,-0.0417370970042387,0,-0.19186233847583,0,0,0,0,0,0,-0.392699081698724,0,0,3.46944695195361e-18,0
3.13131313131313,0.282828282828283,0,-1,0.25,0,0,0,0,0,0,-0.444265627780375,0,0,0,0,0,0,0,0.975429786885407,0,-0.220310532786541,0,-0.0432578719569156,0,-0.191525190785741,0,0,0,0,0,0,-0.392699081698724,0,0,0,0
3.17171717171717,0.292929292929293,0,-1,0.25,0,0,0,0,0,0,-0.46013225734396,0,0,0,0,0,0,0,0.973651317025591,0,-0.228041910302322,0,-0.0447759243822722,0,-0.191175989045351,0,0,0,0,0,0,-0.392699081698724,0,0,0,0
3.21212121212121,0.303030303030303,0,-1,0.25,0,0,0,0,0,0,-0.475998886907544,0,0,0,0,0,0,0,0.971811568323542,0,-0.235758935509427,0,-0.0462911587384104,0,-0.190814755232426,0,0,0,0,0,0,-0.392699081698724,0,0,-3.46944695195361e-18,0
3.25252525252525,0.313131313131313,0,-1,0.25,0,0,0,0,0,0,-0.491865516471129,0,0,0,0,0,0,0,0.969910656567805,0,-0.243461122720259,0,-0.047803479660793,0,-0.190441512081992,0,0,0,0,0,0,-0.392699081698724,0,0,3.46944695195361e-18,0
3.29292929292929,0.323232323232323,0,-1,0.25,0,0,0,0,0,0,-0.507732146034714,0,0,0,0,0,0,0,0.967948701396356,0,-0.251147987181079,0,-0.0493127919682464,0,-0.190056283084911,0,0,0,0,0,0,-0.392699081698724,0,0,0,0
3.33333333333333,0.333333333333333,0,-1,0.25,0,0,0,0,0,0,-0.523598775598299,0,0,0,0,0,0,0,0.965925826289068,0,-0.258819045102521,0,-0.0508190006689503,0,-0.189659092486399,0,0,0,0,0,0,-0.392699081698724,0,0,0,0
3.37373737373737,0.343434343434343,0,-1,0.25,0,0,0,0,0,0,-0.539465405161884,0,0,0,0,0,0,0,0.963842158559942,0,-0.266473813690035,0,-0.0523220109664168,0,-0.189249965284503,0,0,0,0,0,0,-0.392699081698724,0,0,0,0
3.41414141414141,0.353535353535354,0,-1,0.25,0,0,0,0,0,0,-0.555332034725469,0,0,0,0,0,0,0,0.961697829349093,0,-0.274111811174278,0,-0.0538217282654564,0,-0.188828927228523,0,0,0,0,0,0,-0.392699081698724,0,0,0,0
3.45454545454545,0.363636363636364,0,-1,0.25,0,0,0,0,0,0,-0.571198664289053,0,0,0,0,0,0,0,0.959492973614497,0,-0.28173255684143,0,-0.0553180581781315,0,-0.188396004817396,0,0,0,0,0,0,-0.392699081698724,0,0,0,0
3.49494949494949,0.373737373737374,0,-1,0.25,0,0,0,0,0,0,-0.587065293852638,0,0,0,0,0,0,0,0.957227730123499,0,-0.289335571063453,0,-0.0568109065296969,0,-0.187951225298026,0,0,0,0,0,0,-0.392699081698724,0,0,-3.46944695195361e-18,0
3.53535353535354,0.383838383838384,0,-1,0.25,0,0,0,0,0,0,-0.602931923416223,0,0,0,0,0,0,0,0.954902241444074,0,-0.296920375328275,0,-0.058300179364527,0,-0.187494616663571,0,0,0,0,0,0,-0.392699081698724,0,0,-3.46944695195361e-18,0
3.57575757575758,0.393939393939394,0,-1,0.25,0,0,0,0,0,0,-0.618798552979808,0,0,0,0,0,0,0,0.95251665393586,0,-0.304486492269907,0,-0.059785782952029,0,-0.187026207651677,0,0,0,0,0,0,-0.392699081698724,0,0,0,0
3.61616161616162,0.404040404040404,0,-1,0.25,0,0,0,0,0,0,-0.634665182543392,0,0,0,0,0,0,0,0.950071117740945,0,-0.312033445698487,0,-0.0612676237925423,0,-0.186546027742675,0,0,0,0,0,0,-0.392699081698724,0,0,3.46944695195361e-18,0
3.65656565656566,0.414141414141414,0,-1,0.25,0,0,0,0,0,0,-0.650531812106977,0,0,0,0,0,0,0,0.947565786774415,0,-0.31956076063025,0,-0.0627456086232225,0,-0.186054107157721,0,0,0,0,0,0,-0.392699081698724,0,0,0,0
3.6969696969697,0.424242424242424,0,-1,0.25,0,0,0,0,0,0,-0.666398441670562,0,0,0,0,0,0,0,0.945000818714669,0,-0.327067963317422,0,-0.0642196444239117,0,-0.185550476856896,0,0,0,0,0,0,-0.392699081698724,0,0,3.46944695195361e-18,0
3.73737373737374,0.434343434343434,0,-1,0.25,0,0,0,0,0,0,-0.682265071234147,0,0,0,0,0,0,0,0.942376374993494,0,-0.334554581278035,0,-0.0656896384229928,0,-0.185035168537259,0,0,0,0,0,0,-0.392699081698724,0,0,0,0
3.77777777777778,0.444444444444444,0,-1,0.25,0,0,0,0,0,0,-0.698131700797732,0,0,0,0,0,0,0,0.939692620785908,0,-0.342020143325669,0,-0.0671554981032281,0,-0.184508214630847,0,0,0,0,0,0,-0.392699081698724,0,0,3.46944695195361e-18,0
3.81818181818182,0.454545454545455,0,-1,0.25,0,0,0,0,0,0,-0.713998330361317,0,0,0,0,0,0,0,0.936949724999762,0,-0.349464179599098,0,-0.068617131207582,0,-0.183969648302639,0,0,0,0,0,0,-0.392699081698724,0,0,3.46944695195361e-18,0
3.85858585858586,0.464646464646465,0,-1,0.25,0,0,0,0,0,0,-0.729864959924901,0,0,0,0,0,0,0,0.934147860265107,0,-0.356886221591872,0,-0.0700744457450277,0,-0.183419503448468,0,0,0,0,0,0,-0.392699081698724,0,0,0,0
3.8989898989899,0.474747474747475,0,-1,0.25,0,0,0,0,0,0,-0.745731589488486,0,0,0,0,0,0,0,0.931287202923334,0,-0.364285802181794,0,-0.0715273499963368,0,-0.182857814692883,0,0,0,0,0,0,-0.392699081698724,0,0,0,0
3.93939393939394,0.484848484848485,0,-1,0.25,0,0,0,0,0,0,-0.761598219052071,0,0,0,0,0,0,0,0.928367933016073,0,-0.371662455660327,0,-0.0729757525198517,0,-0.182284617386977,0,0,0,0,0,0,-0.392699081698724,0,0,3.46944695195361e-18,0
3.97979797979798,0.494949494949495,0,-1,0.25,0,0,0,0,0,0,-0.777464848615656,0,0,0,0,0,0,0,0.925390234273861,0,-0.3790157177619,0,-0.0744195621572405,0,-0.181699947606156,0,0,0,0,0,0,-0.392699081698724,0,0,0,0
4.02020202020202,0.505050505050505,0,-1,0.25,0,0,0,0,0,0,-0.793331478179241,0,0,0,0,0,0,0,0.922354294104581,0,-0.386345125693129,0,-0.0758586880392349,0,-0.181103842147872,0,0,0,0,0,0,-0.392699081698724,0,0,0,0
4.06060606060606,0.515151515151515,0,-1,0.25,0,0,0,0,0,0,-0.809198107742825,0,0,0,0,0,0,0,0.919260303581666,0,-0.393650218161941,0,-0.0772930395913484,0,-0.180496338529305,0,0,0,0,0,0,-0.392699081698724,0,0,-3.46944695195361e-18,0
4.1010101010101,0.525252525252525,0,-1,0.25,0,0,0,0,0,0,-0.82506473730641,0,0,0,0,0,0,0,0.91610845743207,0,-0.400930535406614,0,-0.0787225265395775,0,-0.179877474985004,0,0,0,0,0,0,-0.392699081698724,0,0,3.46944695195361e-18,0
4.14141414141414,0.535353535353535,0,-1,0.25,0,0,0,0,0,0,-0.840931366869995,0,0,0,0,0,0,0,0.912898954024018,0,-0.408185619224703,0,-0.080147058916083,0,-0.179247290464479,0,0,0,0,0,0,-0.392699081698724,0,0,-3.46944695195361e-18,0
4.18181818181818,0.545454545454545,0,-1,0.25,0,0,0,0,0,0,-0.85679799643358,0,0,0,0,0,0,0,0.909631995354518,0,-0.415415013001886,0,-0.0815665470648522,0,-0.178605824629749,0,0,0,0,0,0,-0.392699081698724,0,0,0,0
4.22222222222222,0.555555555555556,0,-1,0.25,0,0,0,0,0,0,-0.872664625997165,0,0,0,0,0,0,0,0.90630778703665,0,-0.422618261740699,0,-0.0829809016473418,0,-0.177953117852848,0,0,0,0,0,0,-0.392699081698724,0,0,3.46944695195361e-18,0
4.26262626262626,0.565656565656566,0,-1,0.25,0,0,0,0,0,0,-0.88853125556075,0,0,0,0,0,0,0,0.902926538286621,0,-0.429794912089172,0,-0.0843900336481008,0,-0.177289211213282,0,0,0,0,0,0,-0.392699081698724,0,0,3.46944695195361e-18,0
4.3030303030303,0.575757575757576,0,-1,0.25,0,0,0,0,0,0,-0.904397885124334,0,0,0,0,0,0,0,0.899488461910603,0,-0.436944512369359,0,-0.0857938543803721,0,-0.176614146495446,0,0,0,0,0,0,-0.392699081698724,0,0,3.46944695195361e-18,0
4.34343434343434,0.585858585858586,0,-1,0.25,0,0,0,0,0,0,-0.920264514687919,0,0,0,0,0,0,0,0.895993774291336,0,-0.444066612605774,0,-0.0871922754916753,0,-0.175927966185991,0,0,0,0,0,0,-0.392699081698724,0,0,3.46944695195361e-18,0
4.38383838383838,0.595959595959596,0,-1,0.25,0,0,0,0,0,0,-0.936131144251504,0,0,0,0,0,0,0,0.89244269537451,0,-0.451160764553701,0,-0.0885852089693663,0,-0.175230713471152,0,0,0,0,0,0,-0.392699081698724,0,0,3.46944695195361e-18,0
4.42424242424242,0.606060606060606,0,-1,0.25,0,0,0,0,0,0,-0.951997773815088,0,0,0,0,0,0,0,0.888835448654924,0,-0.45822652172741,0,-0.0899725671461772,0,-0.174522432234031,0,0,0,0,0,0,-0.392699081698724,0,0,0,0
4.46464646464646,0.616161616161616,0,-1,0.25,0,0,0,0,0,0,-0.967864403378673,0,0,0,0,0,0,0,0.885172261162417,0,-0.46526343942826,0,-0.0913542627057339,0,-0.173803167051832,0,0,0,0,0,0,-0.392699081698724,0,0,-6.93889390390723e-18,0
4.50505050505051,0.626262626262626,0,-1,0.25,0,0,0,0,0,0,-0.983731032942258,0,0,0,0,0,0,0,0.881453363447582,0,-0.472271074772683,0,-0.092730208688051,0,-0.173072963193059,0,0,0,0,0,0,-0.392699081698724,0,0,6.93889390390723e-18,0
4.54545454545454,0.636363636363636,0,-1,0.25,0,0,0,0,0,0,-0.999597662505843,0,0,0,0,0,0,0,0.877678989567256,0,-0.479248986720057,0,-0.0941003184950052,0,-0.172331866614663,0,0,0,0,0,0,-0.392699081698724,0,0,0,0
4.58585858585859,0.646464646464647,0,-1,0.25,0,0,0,0,0,0,-1.01546429206943,0,0,0,0,0,0,0,0.873849377069785,0,-0.486196736100469,0,-0.0954645058957855,0,-0.171579923959153,0,0,0,0,0,0,-0.392699081698724,0,0,6.93889390390723e-18,0
4.62626262626263,0.656565656565657,0,-1,0.25,0,0,0,0,0,0,-1.03133092163301,0,0,0,0,0,0,0,0.869964766980079,0,-0.49311388564235,0,-0.0968226850323202,0,-0.170817182551661,0,0,0,0,0,0,-0.392699081698724,0,0,0,0
4.66666666666667,0.666666666666667,0,-1,0.25,0,0,0,0,0,0,-1.0471975511966,0,0,0,0,0,0,0,0.866025403784439,0,-0.5,0,-0.098174770424681,0,-0.170043690396958,0,0,0,0,0,0,-0.392699081698724,0,0,0,0
4.70707070707071,0.676767676767677,0,-1,0.25,0,0,0,0,0,0,-1.06306418076018,0,0,0,0,0,0,0,0.862031535415169,0,-0.506854645780983,0,-0.0995206769764621,0,-0.169259496176439,0,0,0,0,0,0,-0.392699081698724,0,0,0,0
4.74747474747475,0.686868686868687,0,-1,0.25,0,0,0,0,0,0,-1.07893081032377,0,0,0,0,0,0,0,0.857983413234977,0,-0.513677391573406,0,-0.100860319980136,0,-0.168464649245056,0,0,0,0,0,0,-0.392699081698724,0,0,0,0
4.78787878787879,0.696969696969697,0,-1,0.25,0,0,0,0,0,0,-1.09479743988735,0,0,0,0,0,0,0,0.853881292021148,0,-0.520467807973072,0,-0.102193615122387,0,-0.167659199628212,0,0,0,0,0,0,-0.392699081698724,0,0,0,0
4.82828282828283,0.707070707070707,0,-1,0.25,0,0,0,0,0,0,-1.11066406945094,0,0,0,0,0,0,0,0.849725429949514,0,-0.527225467610502,0,-0.103520478489412,0,-0.166843198018614,0,0,0,0,0,0,-0.392699081698724,0,0,6.93889390390723e-18,0
4.86868686868687,0.717171717171717,0,-1,0.25,0,0,0,0,0,0,-1.12653069901452,0,0,0,0,0,0,0,0.845516088578204,0,-0.533949945177836,0,-0.10484082657221,0,-0.166016695773079,0,0,0,0,0,0,-0.392699081698724,0,0,0,0
4.90909090909091,0.727272727272727,0,-1,0.25,0,0,0,0,0,0,-1.14239732857811,0,0,0,0,0,0,0,0.841253532831181,0,-0.540640817455598,0,-0.10615457627183,0,-0.165179744909306,0,0,0,0,0,0,-0.392699081698724,0,0,-6.93889390390723e-18,0
4.94949494949495,0.737373737373737,0,-1,0.25,0,0,0,0,0,0,-1.15826395814169,0,0,0,0,0,0,0,0.83693803098157,0,-0.547297663339332,0,-0.107461644904607,0,-0.1643323981026,0,0,0,0,0,0,-0.392699081698724,0,0,0,0
4.98989898989899,0.747474747474747,0,-1,0.25,0,0,0,0,0,0,-1.17413058770528,0,0,0,0,0,0,0,0.832569854634771,0,-0.55392006386611,0,-0.10876195020736,0,-0.163474708682557,0,0,0,0,0,0,-0.392699081698724,0,0,0,0
5.03030303030303,0.757575757575758,0,-1,0.25,0,0,0,0,0,0,-1.18999721726886,0,0,0,0,0,0,0,0.828149278711371,0,-0.560507602240894,0,-0.110055410342576,0,-0.162606730629708,0,0,0,0,0,0,-0.392699081698724,0,0,6.93889390390723e-18,0
5.07070707070707,0.767676767676768,0,-1,0.25,0,0,0,0,0,0,-1.20586384683245,0,0,0,0,0,0,0,0.823676581429833,0,-0.567059863862771,0,-0.111341943903557,0,-0.16172851857212,0,0,0,0,0,0,-0.392699081698724,0,0,0,0
5.11111111111111,0.777777777777778,0,-1,0.25,0,0,0,0,0,0,-1.22173047639603,0,0,0,0,0,0,0,0.819152044288992,0,-0.573576436351046,0,-0.112621469919541,0,-0.16084012778196,0,0,0,0,0,0,-0.392699081698724,0,0,-6.93889390390723e-18,0
5.15151515151515,0.787878787878788,0,-1,0.25,0,0,0,0,0,0,-1.23759710595962,0,0,0,0,0,0,0,0.814575952050336,0,-0.580056909571198,0,-0.113893907860805,0,-0.159941614172015,0,0,0,0,0,0,-0.392699081698724,0,0,0,0
5.19191919191919,0.797979797979798,0,-1,0.25,0,0,0,0,0,0,-1.2534637355232,0,0,0,0,0,0,0,0.809948592720083,0,-0.58650087566069,0,-0.115159177643725,0,-0.159033034292175,0,0,0,0,0,0,-0.392699081698724,0,0,0,0
5.23232323232323,0.808080808080808,0,-1,0.25,0,0,0,0,0,0,-1.26933036508678,0,0,0,0,0,0,0,0.805270257531059,0,-0.59290792905464,0,-0.116417199635825,0,-0.158114445325871,0,0,0,0,0,0,-0.392699081698724,0,0,6.93889390390723e-18,0
5.27272727272727,0.818181818181818,0,-1,0.25,0,0,0,0,0,0,-1.28519699465037,0,0,0,0,0,0,0,0.80054124092436,0,-0.599277666511347,0,-0.11766789466078,0,-0.157185905086477,0,0,0,0,0,0,-0.392699081698724,0,0,0,0
5.31313131313131,0.828282828282828,0,-1,0.25,0,0,0,0,0,0,-1.30106362421395,0,0,0,0,0,0,0,0.795761840530832,0,-0.605609687137667,0,-0.118911184003407,0,-0.156247472013672,0,0,0,0,0,0,-0.392699081698724,0,0,0,0
5.35353535353535,0.838383838383838,0,-1,0.25,0,0,0,0,0,0,-1.31693025377754,0,0,0,0,0,0,0,0.790932357152329,0,-0.611903592414247,0,-0.120146989414612,0,-0.155299205169763,0,0,0,0,0,0,-0.392699081698724,0,0,0,0
5.39393939393939,0.848484848484849,0,-1,0.25,0,0,0,0,0,0,-1.33279688334112,0,0,0,0,0,0,0,0.786053094742787,0,-0.618158986220605,0,-0.121375233116323,0,-0.154341164235966,0,0,0,0,0,0,-0.392699081698724,0,0,-6.93889390390723e-18,0
5.43434343434343,0.858585858585859,0,-1,0.25,0,0,0,0,0,0,-1.34866351290471,0,0,0,0,0,0,0,0.781124360389093,0,-0.624375474860063,0,-0.122595837806376,0,-0.15337340950865,0,0,0,0,0,0,-0.392699081698724,0,0,0,0
5.47474747474747,0.868686868686869,0,-1,0.25,0,0,0,0,0,0,-1.36453014246829,0,0,0,0,0,0,0,0.776146464291757,0,-0.630552667084522,0,-0.123808726663387,0,-0.152396001895542,0,0,0,0,0,0,-0.392699081698724,0,0,0,0
5.51515151515152,0.878787878787879,0,-1,0.25,0,0,0,0,0,0,-1.38039677203188,0,0,0,0,0,0,0,0.771119719745388,0,-0.636690174119088,0,-0.125013823351583,0,-0.151409002911896,0,0,0,0,0,0,-0.392699081698724,0,0,0,0
5.55555555555556,0.888888888888889,0,-1,0.25,0,0,0,0,0,0,-1.39626340159546,0,0,0,0,0,0,0,0.766044443118978,0,-0.642787609686539,0,-0.126211052025611,0,-0.150412474676617,0,0,0,0,0,0,-0.392699081698724,0,0,0,0
5.5959595959596,0.898989898989899,0,-1,0.25,0,0,0,0,0,0,-1.41213003115905,0,0,0,0,0,0,0,0.760920953835991,0,-0.648844590031638,0,-0.127400337335305,0,-0.149406479908356,0,0,0,0,0,0,-0.392699081698724,0,0,-6.93889390390723e-18,0
5.63636363636364,0.909090909090909,0,-1,0.25,0,0,0,0,0,0,-1.42799666072263,0,0,0,0,0,0,0,0.755749574354258,0,-0.654860733945285,0,-0.128581604430433,0,-0.148391081921559,0,0,0,0,0,0,-0.392699081698724,0,0,0,0
5.67676767676768,0.919191919191919,0,-1,0.25,0,0,0,0,0,0,-1.44386329028622,0,0,0,0,0,0,0,0.750530630145682,0,-0.660835662788507,0,-0.129754778965407,0,-0.147366344622487,0,0,0,0,0,0,-0.392699081698724,0,0,0,0
5.71717171717172,0.929292929292929,0,-1,0.25,0,0,0,0,0,0,-1.4597299198498,0,0,0,0,0,0,0,0.745264449675755,0,-0.666769000516291,-1.11022302462516e-16,-0.130919787103962,-2.17991781125539e-17,-0.146332332505187,0,0,0,0,0,0,-0.392699081698724,0,0,0,0
5.75757575757576,0.939393939393939,0,-1,0.25,0,0,0,0,0,0,-1.47559654941339,0,0,0,0,0,0,0,0.739951364382884,0,-0.672660373701253,0,-0.132076555523801,0,-0.145289110647438,0,0,0,0,0,0,-0.392699081698724,0,0,0,0
5.7979797979798,0.949494949494949,0,-1,0.25,0,0,0,0,0,0,-1.49146317897697,0,0,0,0,0,0,0,0.734591708657533,0,-0.678509411557132,0,-0.133225011421214,0,-0.144236744706655,0,0,0,0,0,0,-0.392699081698724,0,0,6.93889390390723e-18,0
5.83838383838384,0.95959595959596,0,-1,0.25,0,0,0,0,0,0,-1.50732980854056,0,0,0,0,0,0,0,0.729185819821177,0,-0.684315745962138,0,-0.134365082515655,0,-0.143175300915754,0,0,0,0,0,0,-0.392699081698724,0,0,0,0
5.87878787878788,0.96969696969697,0,-1,0.25,0,0,0,0,0,0,-1.52319643810414,0,0,0,0,0,0,0,0.72373403810507,0,-0.690079011482112,0,-0.135496697054294,0,-0.142104846078985,0,0,0,0,0,0,-0.392699081698724,0,0,0,0
5.91919191919192,0.97979797979798,0,-1,0.25,0,0,0,0,0,0,-1.53906306766773,0,0,0,0,0,0,0,0.718236706628834,0,-0.695798845393528,0,-0.136619783816535,0,-0.14102544756773,0,0,0,0,0,0,-0.392699081698724,0,0,0,0
5.95959595959596,0.98989898989899,0,-1,0.25,0,0,0,0,0,0,-1.55492969723131,0,0,0,0,0,0,0,0.712694171378863,0,-0.701474887706321,0,-0.137734272118494,0,-0.139937173316256,0,0,0,0,0,0,-0.392699081698724,0,0,6.93889390390723e-18,0
6,1,0,-1,0.25,0,0,0,0,0,0,-1.5707963267949,0,0,0,0,0,0,0,0.707106781186548,0,-0.707106781186547,0,-0.138840091817449,0,-0.138840091817449,0,0,0,0,0,0,-0.392699081698724,0,0,0,0
6.06060606060606,1.01010101010101,0,-1,0.166666666666667,0,0,0,0,0,0,-1.5707963267949,0,0,0,0,0,0,0,0.707106781186548,0,-0.707106781186547,0,-0,0,0,0,0,0,0,0,0,0,0,0,0,0
6.12121212121212,1.02020202020202,0,-1,0.166666666666667,0,0,0,0,0,0,-1.5707963267949,0,0,0,0,0,0,0,0.707106781186548,0,-0.707106781186547,0,-0,0,0,0,0,0,0,0,0,0,0,0,0,0
6.18181818181818,1.03030303030303,0,-1,0.166666666666667,0,0,0,0,0,0,-1.5707963267949,0,0,0,0,0,0,0,0.707106781186548,0,-0.707106781186547,0,-0,0,0,0,0,0,0,0,0,0,0,0,0,0
6.24242424242424,1.04040404040404,0,-1,0.166666666666667,0,0,0,0,0,0,-1.5707963267949,0,0,0,0,0,0,0,0.707106781186548,0,-0.707106781186547,0,-0,0,0,0,0,0,0,0,0,0,0,0,0,0
6.3030303030303,1.05050505050505,0,-1,0.166666666666667,0,0,0,0,0,0,-1.5707963267949,0,0,0,0,0,0,0,0.707106781186548,0,-0.707106781186547,0,-0,0,0,0,0,0,0,0,0,0,0,0,0,0
6.36363636363636,1.06060606060606,0,-1,0.166666666666667,0,0,0,0,0,0,-1.5707963267949,0,0,0,0,0,0,0,0.707106781186548,0,-0.707106781186547,0,-0,0,0,0,0,0,0,0,0,0,0,0,0,0
6.42424242424242,1.07070707070707,0,-1,0.166666666666667,0,0,0,0,0,0,-1.5707963267949,0,0,0,0,0,0,0,0.707106781186548,0,-0.707106781186547,0,-0,0,0,0,0,0,0,0,0,0,0,0,0,0
6.48484848484848,1.08080808080808,0,-1,0.166666666666667,0,0,0,0,0,0,-1.5707963267949,0,0,0,0,0,0,0,0.707106781186548,0,-0.707106781186547,0,-0,0,0,0,0,0,0,0,0,0,0,0,0,0
6.54545454545454,1.09090909090909,0,-1,0.166666666666667,0,0,0,0,0,0,-1.5707963267949,0,0,0,0,0,0,0,0.707106781186548,0,-0.707106781186547,0,-0,0,0,0,0,0,0,0,0,0,0,0,0,0
6.60606060606061,1.1010101010101,0,-1,0.166666666666667,0,0,0,0,0,0,-1.5707963267949,0,0,0,0,0,0,0,0.707106781186548,0,-0.707106781186547,0,-0,0,0,0,0,0,0,0,0,0,0,0,0,0
6.66666666666667,1.11111111111111,0,-1,0.166666666666667,0,0,0,0,0,0,-1.5707963267949,0,0,0,0,0,0,0,0.707106781186548,0,-0.707106781186547,0,-0,0,0,0,0,0,0,0,0,0,0,0,0,0
6.72727272727273,1.12121212121212,0,-1,0.166666666666667,0,0,0,0,0,0,-1.5707963267949,0,0,0,0,0,0,0,0.707106781186548,0,-0.707106781186547,0,-0,0,0,0,0,0,0,0,0,0,0,0,0,0
6.78787878787879,1.13131313131313,0,-1,0.166666666666667,0,0,0,0,0,0,-1.5707963267949,0,0,0,0,0,0,0,0.707106781186548,0,-0.707106781186547,0,-0,0,0,0,0,0,0,0,0,0,0,0,0,0
6.84848484848485,1.14141414141414,0,-1,0.166666666666667,0,0,0,0,0,0,-1.5707963267949,0,0,0,0,0,0,0,0.707106781186548,0,-0.707106781186547,0,-0,0,0,0,0,0,0,0,0,0,0,0,0,0
6.90909090909091,1.15151515151515,0,-1,0.166666666666667,0,0,0,0,0,0,-1.5707963267949,0,0,0,0,0,0,0,0.707106781186548,0,-0.707106781186547,0,-0,0,0,0,0,0,0,0,0,0,0,0,0,0
6.96969696969697,1.16161616161616,0,-1,0.166666666666667,0,0,0,0,0,0,-1.5707963267949,0,0,0,0,0,0,0,0.707106781186548,0,-0.707106781186547,0,-0,0,0,0,0,0,0,0,0,0,0,0,0,0
7.03030303030303,1.17171717171717,0,-1,0.166666666666667,0,0,0,0,0,0,-1.5707963267949,0,0,0,0,0,0,0,0.707106781186548,0,-0.707106781186547,0,-0,0,0,0,0,0,0,0,0,0,0,0,0,0
7.09090909090909,1.18181818181818,0,-1,0.166666666666667,0,0,0,0,0,0,-1.5707963267949,0,0,0,0,0,0,0,0.707106781186548,0,-0.707106781186547,0,-0,0,0,0,0,0,0,0,0,0,0,0,0,0
7.15151515151515,1.19191919191919,0,-1,0.166666666666667,0,0,0,0,0,0,-1.5707963267949,0,0,0,0,0,0,0,0.707106781186548,0,-0.707106781186547,0,-0,0,0,0,0,0,0,0,0,0,0,0,0,0
7.21212121212121,1.2020202020202,0,-1,0.166666666666667,0,0,0,0,0,0,-1.5707963267949,0,0,0,0,0,0,0,0.707106781186548,0,-0.707106781186547,0,-0,0,0,0,0,0,0,0,0,0,0,0,0,0
7.27272727272727,1.21212121212121,0,-1,0.166666666666667,0,0,0,0,0,0,-1.5707963267949,0,0,0,0,0,0,0,0.707106781186548,0,-0.707106781186547,0,-0,0,0,0,0,0,0,0,0,0,0,0,0,0
7.33333333333333,1.22222222222222,0,-1,0.166666666666667,0,0,0,0,0,0,-1.5707963267949,0,0,0,0,0,0,0,0.707106781186548,0,-0.707106781186547,0,-0,0,0,0,0,0,0,0,0,0,0,0,0,0
7.39393939393939,1.23232323232323,0,-1,0.166666666666667,0,0,0,0,0,0,-1.5707963267949,0,0,0,0,0,0,0,0.707106781186548,0,-0.707106781186547,0,-0,0,0,0,0,0,0,0,0,0,0,0,0,0
7.45454545454546,1.24242424242424,0,-1,0.166666666666667,0,0,0,0,0,0,-1.5707963267949,0,0,0,0,0,0,0,0.707106781186548,0,-0.707106781186547,0,-0,0,0,0,0,0,0,0,0,0,0,0,0,0
7.51515151515152,1.25252525252525,0,-1,0.166666666666667,0,0,0,0,0,0,-1.5707963267949,0,0,0,0,0,0,0,0.707106781186548,0,-0.707106781186547,0,-0,0,0,0,0,0,0,0,0,0,0,0,0,0
7.57575757575758,1.26262626262626,0,-1,0.166666666666667,0,0,0,0,0,0,-1.5707963267949,0,0,0,0,0,0,0,0.707106781186548,0,-0.707106781186547,0,-0,0,0,0,0,0,0,0,0,0,0,0,0,0
7.63636363636364,1.27272727272727,0,-1,0.166666666666667,0,0,0,0,0,0,-1.5707963267949,0,0,0,0,0,0,0,0.707106781186548,0,-0.707106781186547,0,-0,0,0,0,0,0,0,0,0,0,0,0,0,0
7.6969696969697,1.28282828282828,0,-1,0.166666666666667,0,0,0,0,0,0,-1.5707963267949,0,0,0,0,0,0,0,0.707106781186548,0,-0.707106781186547,0,-0,0,0,0,0,0,0,0,0,0,0,0,0,0
7.75757575757576,1.29292929292929,0,-1,0.166666666666667,0,0,0,0,0,0,-1.5707963267949,0,0,0,0,0,0,0,0.707106781186548,0,-0.707106781186547,0,-0,0,0,0,0,0,0,0,0,0,0,0,0,0
7.81818181818182,1.3030303030303,0,-1,0.166666666666667,0,0,0,0,0,0,-1.5707963267949,0,0,0,0,0,0,0,0.707106781186548,0,-0.707106781186547,0,-0,0,0,0,0,0,0,0,0,0,0,0,0,0
7.87878787878788,1.31313131313131,0,-1,0.166666666666667,0,0,0,0,0,0,-1.5707963267949,0,0,0,0,0,0,0,0.707106781186548,0,-0.707106781186547,0,-0,0,0,0,0,0,0,0,0,0,0,0,0,0
7.93939393939394,1.32323232323232,0,-1,0.166666666666667,0,0,0,0,0,0,-1.5707963267949,0,0,0,0,0,0,0,0.707106781186548,0,-0.707106781186547,0,-0,0,0,0,0,0,0,0,0,0,0,0,0,0
8,1.33333333333333,0,-1,0.166666666666667,0,0,0,0,0,0,-1.5707963267949,0,0,0,0,0,0,0,0.707106781186548,0,-0.707106781186547,0,-0,0,0,0,0,0,0,0,0,0,0,0,0,0
8.06060606060606,1.34343434343434,0,-1,0.166666666666667,0,0,0,0,0,0,-1.5707963267949,0,0,0,0,0,0,0,0.707106781186548,0,-0.707106781186547,0,-0,0,0,0,0,0,0,0,0,0,0,0,0,0
8.12121212121212,1.35353535353535,0,-1,0.166666666666667,0,0,0,0,0,0,-1.5707963267949,0,0,0,0,0,0,0,0.707106781186548,0,-0.707106781186547,0,-0,0,0,0,0,0,0,0,0,0,0,0,0,0
8.18181818181818,1.36363636363636,0,-1,0.166666666666667,0,0,0,0,0,0,-1.5707963267949,0,0,0,0,0,0,0,0.707106781186548,0,-0.707106781186547,0,-0,0,0,0,0,0,0,0,0,0,0,0,0,0
8.24242424242424,1.37373737373737,0,-1,0.166666666666667,0,0,0,0,0,0,-1.5707963267949,0,0,0,0,0,0,0,0.707106781186548,0,-0.707106781186547,0,-0,0,0,0,0,0,0,0,0,0,0,0,0,0
8.3030303030303,1.38383838383838,0,-1,0.166666666666667,0,0,0,0,0,0,-1.5707963267949,0,0,0,0,0,0,0,0.707106781186548,0,-0.707106781186547,0,-0,0,0,0,0,0,0,0,0,0,0,0,0,0
8.36363636363636,1.39393939393939,0,-1,0.166666666666667,0,0,0,0,0,0,-1.5707963267949,0,0,0,0,0,0,0,0.707106781186548,0,-0.707106781186547,0,-0,0,0,0,0,0,0,0,0,0,0,0,0,0
8.42424242424242,1.4040404040404,0,-1,0.166666666666667,0,0,0,0,0,0,-1.5707963267949,0,0,0,0,0,0,0,0.707106781186548,0,-0.707106781186547,0,-0,0,0,0,0,0,0,0,0,0,0,0,0,0
8.48484848484848,1.41414141414141,0,-1,0.166666666666667,0,0,0,0,0,0,-1.5707963267949,0,0,0,0,0,0,0,0.707106781186548,0,-0.707106781186547,0,-0,0,0,0,0,0,0,0,0,0,0,0,0,0
8.54545454545454,1.42424242424242,0,-1,0.166666666666667,0,0,0,0,0,0,-1.5707963267949,0,0,0,0,0,0,0,0.707106781186548,0,-0.707106781186547,0,-0,0,0,0,0,0,0,0,0,0,0,0,0,0
8.60606060606061,1.43434343434343,0,-1,0.166666666666667,0,0,0,0,0,0,-1.5707963267949,0,0,0,0,0,0,0,0.707106781186548,0,-0.707106781186547,0,-0,0,0,0,0,0,0,0,0,0,0,0,0,0
8.66666666666667,1.44444444444444,0,-1,0.166666666666667,0,0,0,0,0,0,-1.5707963267949,0,0,0,0,0,0,0,0.707106781186548,0,-0.707106781186547,0,-0,0,0,0,0,0,0,0,0,0,0,0,0,0
8.72727272727273,1.45454545454545,0,-1,0.166666666666667,0,0,0,0,0,0,-1.5707963267949,0,0,0,0,0,0,0,0.707106781186548,0,-0.707106781186547,0,-0,0,0,0,0,0,0,0,0,0,0,0,0,0
8.78787878787879,1.46464646464646,0,-1,0.166666666666667,0,0,0,0,0,0,-1.5707963267949,0,0,0,0,0,0,0,0.707106781186548,0,-0.707106781186547,0,-0,0,0,0,0,0,0,0,0,0,0,0,0,0
8.84848484848485,1.47474747474747,0,-1,0.166666666666667,0,0,0,0,0,0,-1.5707963267949,0,0,0,0,0,0,0,0.707106781186548,0,-0.707106781186547,0,-0,0,0,0,0,0,0,0,0,0,0,0,0,0
8.90909090909091,1.48484848484848,0,-1,0.166666666666667,0,0,0,0,0,0,-1.5707963267949,0,0,0,0,0,0,0,0.707106781186548,0,-0.707106781186547,0,-0,0,0,0,0,0,0,0,0,0,0,0,0,0
8.96969696969697,1.49494949494949,0,-1,0.166666666666667,0,0,0,0,0,0,-1.5707963267949,0,0,0,0,0,0,0,0.707106781186548,0,-0.707106781186547,0,-0,0,0,0,0,0,0,0,0,0,0,0,0,0
9.03030303030303,1.50505050505051,0,-1,0.166666666666667,0,0,0,0,0,0,-1.5707963267949,0,0,0,0,0,0,0,0.707106781186548,0,-0.707106781186547,0,-0,0,0,0,0,0,0,0,0,0,0,0,0,0
9.09090909090909,1.51515151515151,0,-1,0.166666666666667,0,0,0,0,0,0,-1.5707963267949,0,0,0,0,0,0,0,0.707106781186548,0,-0.707106781186547,0,-0,0,0,0,0,0,0,0,0,0,0,0,0,0
9.15151515151515,1.52525252525253,0,-1,0.166666666666667,0,0,0,0,0,0,-1.5707963267949,0,0,0,0,0,0,0,0.707106781186548,0,-0.707106781186547,0,-0,0,0,0,0,0,0,0,0,0,0,0,0,0
9.21212121212121,1.53535353535354,0,-1,0.166666666666667,0,0,0,0,0,0,-1.5707963267949,0,0,0,0,0,0,0,0.707106781186548,0,-0.707106781186547,0,-0,0,0,0,0,0,0,0,0,0,0,0,0,0
9.27272727272727,1.54545454545455,0,-1,0.166666666666667,0,0,0,0,0,0,-1.5707963267949,0,0,0,0,0,0,0,0.707106781186548,0,-0.707106781186547,0,-0,0,0,0,0,0,0,0,0,0,0,0,0,0
9.33333333333333,1.55555555555556,0,-1,0.166666666666667,0,0,0,0,0,0,-1.5707963267949,0,0,0,0,0,0,0,0.707106781186548,0,-0.707106781186547,0,-0,0,0,0,0,0,0,0,0,0,0,0,0,0
9.39393939393939,1.56565656565657,0,-1,0.166666666666667,0,0,0,0,0,0,-1.5707963267949,0,0,0,0,0,0,0,0.707106781186548,0,-0.707106781186547,0,-0,0,0,0,0,0,0,0,0,0,0,0,0,0
9.45454545454546,1.57575757575758,0,-1,0.166666666666667,0,0,0,0,0,0,-1.5707963267949,0,0,0,0,0,0,0,0.707106781186548,0,-0.707106781186547,0,-0,0,0,0,0,0,0,0,0,0,0,0,0,0
9.51515151515152,1.58585858585859,0,-1,0.166666666666667,0,0,0,0,0,0,-1.5707963267949,0,0,0,0,0,0,0,0.707106781186548,0,-0.707106781186547,0,-0,0,0,0,0,0,0,0,0,0,0,0,0,0
9.57575757575758,1.5959595959596,0,-1,0.166666666666667,0,0,0,0,0,0,-1.5707963267949,0,0,0,0,0,0,0,0.707106781186548,0,-0.707106781186547,0,-0,0,0,0,0,0,0,0,0,0,0,0,0,0
9.63636363636364,1.60606060606061,0,-1,0.166666666666667,0,0,0,0,0,0,-1.5707963267949,0,0,0,0,0,0,0,0.707106781186548,0,-0.707106781186547,0,-0,0,0,0,0,0,0,0,0,0,0,0,0,0
9.6969696969697,1.61616161616162,0,-1,0.166666666666667,0,0,0,0,0,0,-1.5707963267949,0,0,0,0,0,0,0,0.707106781186548,0,-0.707106781186547,0,-0,0,0,0,0,0,0,0,0,0,0,0,0,0
9.75757575757576,1.62626262626263,0,-1,0.166666666666667,0,0,0,0,0,0,-1.5707963267949,0,0,0,0,0,0,0,0.707106781186548,0,-0.707106781186547,0,-0,0,0,0,0,0,0,0,0,0,0,0,0,0
9.81818181818182,1.63636363636364,0,-1,0.166666666666667,0,0,0,0,0,0,-1.5707963267949,0,0,0,0,0,0,0,0.707106781186548,0,-0.707106781186547,0,-0,0,0,0,0,0,0,0,0,0,0,0,0,0
9.87878787878788,1.64646464646465,0,-1,0.166666666666667,0,0,0,0,0,0,-1.5707963267949,0,0,0,0,0,0,0,0.707106781186548,0,-0.707106781186547,0,-0,0,0,0,0,0,0,0,0,0,0,0,0,0
9.93939393939394,1.65656565656566,0,-1,0.166666666666667,0,0,0,0,0,0,-1.5707963267949,0,0,0,0,0,0,0,0.707106781186548,0,-0.707106781186547,0,-0,0,0,0,0,0,0,0,0,0,0,0,0,0
10,1.66666666666667,0,-1,0.166666666666667,0,0,0,0,0,0,-1.5707963267949,0,0,0,0,0,0,0,0.707106781186548,0,-0.707106781186547,0,-0,0,0,0,0,0,0,0,0,0,0,0,0,0
10.0606060606061,1.67676767676768,0,-1,0.166666666666667,0,0,0,0,0,0,-1.5707963267949,0,0,0,0,0,0,0,0.707106781186548,0,-0.707106781186547,0,-0,0,0,0,0,0,0,0,0,0,0,0,0,0
10.1212121212121,1.68686868686869,0,-1,0.166666666666667,0,0,0,0,0,0,-1.5707963267949,0,0,0,0,0,0,0,0.707106781186548,0,-0.707106781186547,0,-0,0,0,0,0,0,0,0,0,0,0,0,0,0
10.1818181818182,1.6969696969697,0,-1,0.166666666666667,0,0,0,0,0,0,-1.5707963267949,0,0,0,0,0,0,0,0.707106781186548,0,-0.707106781186547,0,-0,0,0,0,0,0,0,0,0,0,0,0,0,0
10.2424242424242,1.70707070707071,0,-1,0.166666666666667,0,0,0,0,0,0,-1.5707963267949,0,0,0,0,0,0,0,0.707106781186548,0,-0.707106781186547,0,-0,0,0,0,0,0,0,0,0,0,0,0,0,0
10.3030303030303,1.71717171717172,0,-1,0.166666666666667,0,0,0,0,0,0,-1.5707963267949,0,0,0,0,0,0,0,0.707106781186548,0,-0.707106781186547,0,-0,0,0,0,0,0,0,0,0,0,0,0,0,0
10.3636363636364,1.72727272727273,0,-1,0.166666666666667,0,0,0,0,0,0,-1.5707963267949,0,0,0,0,0,0,0,0.707106781186548,0,-0.707106781186547,0,-0,0,0,0,0,0,0,0,0,0,0,0,0,0
10.4242424242424,1.73737373737374,0,-1,0.166666666666667,0,0,0,0,0,0,-1.5707963267949,0,0,0,0,0,0,0,0.707106781186548,0,-0.707106781186547,0,-0,0,0,0,0,0,0,0,0,0,0,0,0,0
10.4848484848485,1.74747474747475,0,-1,0.166666666666667,0,0,0,0,0,0,-1.5707963267949,0,0,0,0,0,0,0,0.707106781186548,0,-0.707106781186547,0,-0,0,0,0,0,0,0,0,0,0,0,0,0,0
10.5454545454545,1.75757575757576,0,-1,0.166666666666667,0,0,0,0,0,0,-1.5707963267949,0,0,0,0,0,0,0,0.707106781186548,0,-0.707106781186547,0,-0,0,0,0,0,0,0,0,0,0,0,0,0,0
10.6060606060606,1.76767676767677,0,-1,0.166666666666667,0,0,0,0,0,0,-1.5707963267949,0,0,0,0,0,0,0,0.707106781186548,0,-0.707106781186547,0,-0,0,0,0,0,0,0,0,0,0,0,0,0,0
10.6666666666667,1.77777777777778,0,-1,0.166666666666667,0,0,0,0,0,0,-1.5707963267949,0,0,0,0,0,0,0,0.707106781186548,0,-0.707106781186547,0,-0,0,0,0,0,0,0,0,0,0,0,0,0,0
10.7272727272727,1.78787878787879,0,-1,0.166666666666667,0,0,0,0,0,0,-1.5707963267949,0,0,0,0,0,0,0,0.707106781186548,0,-0.707106781186547,0,-0,0,0,0,0,0,0,0,0,0,0,0,0,0
10.7878787878788,1.7979797979798,0,-1,0.166666666666667,0,0,0,0,0,0,-1.5707963267949,0,0,0,0,0,0,0,0.707106781186548,0,-0.707106781186547,0,-0,0,0,0,0,0,0,0,0,0,0,0,0,0
10.8484848484848,1.80808080808081,0,-1,0.166666666666667,0,0,0,0,0,0,-1.5707963267949,0,0,0,0,0,0,0,0.707106781186548,0,-0.707106781186547,0,-0,0,0,0,0,0,0,0,0,0,0,0,0,0
10.9090909090909,1.81818181818182,0,-1,0.166666666666667,0,0,0,0,0,0,-1.5707963267949,0,0,0,0,0,0,0,0.707106781186548,0,-0.707106781186547,0,-0,0,0,0,0,0,0,0,0,0,0,0,0,0
10.969696969697,1.82828282828283,0,-1,0.166666666666667,0,0,0,0,0,0,-1.5707963267949,0,0,0,0,0,0,0,0.707106781186548,0,-0.707106781186547,0,-0,0,0,0,0,0,0,0,0,0,0,0,0,0
11.030303030303,1.83838383838384,0,-1,0.166666666666667,0,0,0,0,0,0,-1.5707963267949,0,0,0,0,0,0,0,0.707106781186548,0,-0.707106781186547,0,-0,0,0,0,0,0,0,0,0,0,0,0,0,0
11.0909090909091,1.84848484848485,0,-1,0.166666666666667,0,0,0,0,0,0,-1.5707963267949,0,0,0,0,0,0,0,0.707106781186548,0,-0.707106781186547,0,-0,0,0,0,0,0,0,0,0,0,0,0,0,0
11.1515151515152,1.85858585858586,0,-1,0.166666666666667,0,0,0,0,0,0,-1.5707963267949,0,0,0,0,0,0,0,0.707106781186548,0,-0.707106781186547,0,-0,0,0,0,0,0,0,0,0,0,0,0,0,0
11.2121212121212,1.86868686868687,0,-1,0.166666666666667,0,0,0,0,0,0,-1.5707963267949,0,0,0,0,0,0,0,0.707106781186548,0,-0.707106781186547,0,-0,0,0,0,0,0,0,0,0,0,0,0,0,0
11.2727272727273,1.87878787878788,0,-1,0.166666666666667,0,0,0,0,0,0,-1.5707963267949,0,0,0,0,0,0,0,0.707106781186548,0,-0.707106781186547,0,-0,0,0,0,0,0,0,0,0,0,0,0,0,0
11.3333333333333,1.88888888888889,0,-1,0.166666666666667,0,0,0,0,0,0,-1.5707963267949,0,0,0,0,0,0,0,0.707106781186548,0,-0.707106781186547,0,-0,0,0,0,0,0,0,0,0,0,0,0,0,0
11.3939393939394,1.8989898989899,0,-1,0.166666666666667,0,0,0,0,0,0,-1.5707963267949,0,0,0,0,0,0,0,0.707106781186548,0,-0.707106781186547,0,-0,0,0,0,0,0,0,0,0,0,0,0,0,0
11.4545454545455,1.90909090909091,0,-1,0.166666666666667,0,0,0,0,0,0,-1.5707963267949,0,0,0,0,0,0,0,0.707106781186548,0,-0.707106781186547,0,-0,0,0,0,0,0,0,0,0,0,0,0,0,0
11.5151515151515,1.91919191919192,0,-1,0.166666666666667,0,0,0,0,0,0,-1.5707963267949,0,0,0,0,0,0,0,0.707106781186548,0,-0.707106781186547,0,-0,0,0,0,0,0,0,0,0,0,0,0,0,0
11.5757575757576,1.92929292929293,0,-1,0.166666666666667,0,0,0,0,0,0,-1.5707963267949,0,0,0,0,0,0,0,0.707106781186548,0,-0.707106781186547,0,-0,0,0,0,0,0,0,0,0,0,0,0,0,0
11.6363636363636,1.93939393939394,0,-1,0.166666666666667,0,0,0,0,0,0,-1.5707963267949,0,0,0,0,0,0,0,0.707106781186548,0,-0.707106781186547,0,-0,0,0,0,0,0,0,0,0,0,0,0,0,0
11.6969696969697,1.94949494949495,0,-1,0.166666666666667,0,0,0,0,0,0,-1.5707963267949,0,0,0,0,0,0,0,0.707106781186548,0,-0.707106781186547,0,-0,0,0,0,0,0,0,0,0,0,0,0,0,0
11.7575757575758,1.95959595959596,0,-1,0.166666666666667,0,0,0,0,0,0,-1.5707963267949,0,0,0,0,0,0,0,0.707106781186548,0,-0.707106781186547,0,-0,0,0,0,0,0,0,0,0,0,0,0,0,0
11.8181818181818,1.96969696969697,0,-1,0.166666666666667,0,0,0,0,0,0,-1.5707963267949,0,0,0,0,0,0,0,0.707106781186548,0,-0.707106781186547,0,-0,0,0,0,0,0,0,0,0,0,0,0,0,0
11.8787878787879,1.97979797979798,0,-1,0.166666666666667,0,0,0,0,0,0,-1.5707963267949,0,0,0,0,0,0,0,0.707106781186548,0,-0.707106781186547,0,-0,0,0,0,0,0,0,0,0,0,0,0,0,0
11.9393939393939,1.98989898989899,0,-1,0.166666666666667,0,0,0,0,0,0,-1.5707963267949,0,0,0,0,0,0,0,0.707106781186548,0,-0.707106781186547,0,-0,0,0,0,0,0,0,0,0,0,0,0,0,0
12,2,0,-1,0.166666666666667,0,0,0,0,0,0,-1.5707963267949,0,0,0,0,0,0,0,0.707106781186548,0,-0.707106781186547,0,-0,0,0,0,0,0,0,0,0,0,0,0,0,0
12.1414141414141,2.08080808080808,0,-1,0.571428571428571,0,0,0,0,0,0,-1.5707963267949,0,0,0,0,0,0,0,0.707106781186548,0,-0.707106781186547,0,-0,0,0,0,0,0,0,0,0,0,0,0,0,0
12.2828282828283,2.16161616161616,0,-1,0.571428571428571,0,0,0,0,0,0,-1.5707963267949,0,0,0,0,0,0,0,0.707106781186548,0,-0.707106781186547,0,-0,0,0,0,0,0,0,0,0,0,0,0,0,0
12.4242424242424,2.24242424242424,0,-1,0.571428571428571,0,0,0,0,0,0,-1.5707963267949,0,0,0,0,0,0,0,0.707106781186548,0,-0.707106781186547,0,-0,0,0,0,0,0,0,0,0,0,0,0,0,0
12.5656565656566,2.32323232323232,0,-1,0.571428571428571,0,0,0,0,0,0,-1.5707963267949,0,0,0,0,0,0,0,0.707106781186548,0,-0.707106781186547,0,-0,0,0,0,0,0,0,0,0,0,0,0,0,0
12.7070707070707,2.4040404040404,0,-1,0.571428571428571,0,0,0,0,0,0,-1.5707963267949,0,0,0,0,0,0,0,0.707106781186548,0,-0.707106781186547,0,-0,0,0,0,0,0,0,0,0,0,0,0,0,0
12.8484848484848,2.48484848484848,0,-1,0.571428571428571,0,0,0,0,0,0,-1.5707963267949,0,0,0,0,0,0,0,0.707106781186548,0,-0.707106781186547,0,-0,0,0,0,0,0,0,0,0,0,0,0,0,0
12.989898989899,2.56565656565657,0,-1,0.571428571428571,0,0,0,0,0,0,-1.5707963267949,0,0,0,0,0,0,0,0.707106781186548,0,-0.707106781186547,0,-0,0,0,0,0,0,0,0,0,0,0,0,0,0
13.1313131313131,2.64646464646465,0,-1,0.571428571428571,0,0,0,0,0,0,-1.5707963267949,0,0,0,0,0,0,0,0.707106781186548,0,-0.707106781186547,0,-0,0,0,0,0,0,0,0,0,0,0,0,0,0
13.2727272727273,2.72727272727273,0,-1,0.571428571428571,0,0,0,0,0,0,-1.5707963267949,0,0,0,0,0,0,0,0.707106781186548,0,-0.707106781186547,0,-0,0,0,0,0,0,0,0,0,0,0,0,0,0
13.4141414141414,2.80808080808081,0,-1,0.571428571428571,0,0,0,0,0,0,-1.5707963267949,0,0,0,0,0,0,0,0.707106781186548,0,-0.707106781186547,0,-0,0,0,0,0,0,0,0,0,0,0,0,0,0
13.5555555555556,2.88888888888889,0,-1,0.571428571428571,0,0,0,0,0,0,-1.5707963267949,0,0,0,0,0,0,0,0.707106781186548,0,-0.707106781186547,0,-0,0,0,0,0,0,0,0,0,0,0,0,0,0
13.6969696969697,2.96969696969697,0,-1,0.571428571428571,0,0,0,0,0,0,-1.5707963267949,0,0,0,0,0,0,0,0.707106781186548,0,-0.707106781186547,0,-0,0,0,0,0,0,0,0,0,0,0,0,0,0
13.8383838383838,3.05050505050505,0,-1,0.571428571428571,0,0,0,0,0,0,-1.5707963267949,0,0,0,0,0,0,0,0.707106781186548,0,-0.707106781186547,0,-0,0,0,0,0,0,0,0,0,0,0,0,0,0
13.979797979798,3.13131313131313,0,-1,0.571428571428571,0,0,0,0,0,0,-1.5707963267949,0,0,0,0,0,0,0,0.707106781186548,0,-0.707106781186547,0,-0,0,0,0,0,0,0,0,0,0,0,0,0,0
14.1212121212121,3.21212121212121,0,-1,0.571428571428571,0,0,0,0,0,0,-1.5707963267949,0,0,0,0,0,0,0,0.707106781186548,0,-0.707106781186547,0,-0,0,0,0,0,0,0,0,0,0,0,0,0,0
14.2626262626263,3.29292929292929,0,-1,0.571428571428571,0,0,0,0,0,0,-1.5707963267949,0,0,0,0,0,0,0,0.707106781186548,0,-0.707106781186547,0,-0,0,0,0,0,0,0,0,0,0,0,0,0,0
14.4040404040404,3.37373737373737,0,-1,0.571428571428571,0,0,0,0,0,0,-1.5707963267949,0,0,0,0,0,0,0,0.707106781186548,0,-0.707106781186547,0,-0,0,0,0,0,0,0,0,0,0,0,0,0,0
14.5454545454545,3.45454545454545,0,-1,0.571428571428571,0,0,0,0,0,0,-1.5707963267949,0,0,0,0,0,0,0,0.707106781186548,0,-0.707106781186547,0,-0,0,0,0,0,0,0,0,0,0,0,0,0,0
14.6868686868687,3.53535353535354,0,-1,0.571428571428571,0,0,0,0,0,0,-1.5707963267949,0,0,0,0,0,0,0,0.707106781186548,0,-0.707106781186547,0,-0,0,0,0,0,0,0,0,0,0,0,0,0,0
14.8282828282828,3.61616161616162,0,-1,0.571428571428571,0,0,0,0,0,0,-1.5707963267949,0,0,0,0,0,0,0,0.707106781186548,0,-0.707106781186547,0,-0,0,0,0,0,0,0,0,0,0,0,0,0,0
14.969696969697,3.6969696969697,0,-1,0.571428571428571,0,0,0,0,0,0,-1.5707963267949,0,0,0,0,0,0,0,0.707106781186548,0,-0.707106781186547,0,-0,0,0,0,0,0,0,0,0,0,0,0,0,0
15.1111111111111,3.77777777777778,0,-1,0.571428571428571,0,0,0,0,0,0,-1.5707963267949,0,0,0,0,0,0,0,0.707106781186548,0,-0.707106781186547,0,-0,0,0,0,0,0,0,0,0,0,0,0,0,0
15.2525252525253,3.85858585858586,0,-1,0.571428571428571,0,0,0,0,0,0,-1.5707963267949,0,0,0,0,0,0,0,0.707106781186548,0,-0.707106781186547,0,-0,0,0,0,0,0,0,0,0,0,0,0,0,0
15.3939393939394,3.93939393939394,0,-1,0.571428571428571,0,0,0,0,0,0,-1.5707963267949,0,0,0,0,0,0,0,0.707106781186548,0,-0.707106781186547,0,-0,0,0,0,0,0,0,0,0,0,0,0,0,0
15.5353535353535,4.02020202020202,0,-1,0.571428571428571,0,0,0,0,0,0,-1.5707963267949,0,0,0,0,0,0,0,0.707106781186548,0,-0.707106781186547,0,-0,0,0,0,0,0,0,0,0,0,0,0,0,0
15.6767676767677,4.1010101010101,0,-1,0.571428571428571,0,0,0,0,0,0,-1.5707963267949,0,0,0,0,0,0,0,0.707106781186548,0,-0.707106781186547,0,-0,0,0,0,0,0,0,0,0,0,0,0,0,0
15.8181818181818,4.18181818181818,0,-1,0.571428571428571,0,0,0,0,0,0,-1.5707963267949,0,0,0,0,0,0,0,0.707106781186548,0,-0.707106781186547,0,-0,0,0,0,0,0,0,0,0,0,0,0,0,0
15.959595959596,4.26262626262626,0,-1,0.571428571428571,0,0,0,0,0,0,-1.5707963267949,0,0,0,0,0,0,0,0.707106781186548,0,-0.707106781186547,0,-0,0,0,0,0,0,0,0,0,0,0,0,0,0
16.1010101010101,4.34343434343434,0,-1,0.571428571428571,0,0,0,0,0,0,-1.5707963267949,0,0,0,0,0,0,0,0.707106781186548,0,-0.707106781186547,0,-0,0,0,0,0,0,0,0,0,0,0,0,0,0
16.2424242424242,4.42424242424242,0,-1,0.571428571428571,0,0,0,0,0,0,-1.5707963267949,0,0,0,0,0,0,0,0.707106781186548,0,-0.707106781186547,0,-0,0,0,0,0,0,0,0,0,0,0,0,0,0
16.3838383838384,4.50505050505051,0,-1,0.571428571428571,0,0,0,0,0,0,-1.5707963267949,0,0,0,0,0,0,0,0.707106781186548,0,-0.707106781186547,0,-0,0,0,0,0,0,0,0,0,0,0,0,0,0
16.5252525252525,4.58585858585859,0,-1,0.571428571428571,0,0,0,0,0,0,-1.5707963267949,0,0,0,0,0,0,0,0.707106781186548,0,-0.707106781186547,0,-0,0,0,0,0,0,0,0,0,0,0,0,0,0
16.6666666666667,4.66666666666667,0,-1,0.571428571428571,0,0,0,0,0,0,-1.5707963267949,0,0,0,0,0,0,0,0.707106781186548,0,-0.707106781186547,0,-0,0,0,0,0,0,0,0,0,0,0,0,0,0
16.8080808080808,4.74747474747475,0,-1,0.571428571428571,0,0,0,0,0,0,-1.5707963267949,0,0,0,0,0,0,0,0.707106781186548,0,-0.707106781186547,0,-0,0,0,0,0,0,0,0,0,0,0,0,0,0
16.9494949494949,4.82828282828283,0,-1,0.571428571428571,0,0,0,0,0,0,-1.5707963267949,0,0,0,0,0,0,0,0.707106781186548,0,-0.707106781186547,0,-0,0,0,0,0,0,0,0,0,0,0,0,0,0
17.0909090909091,4.90909090909091,0,-1,0.571428571428571,0,0,0,0,0,0,-1.5707963267949,0,0,0,0,0,0,0,0.707106781186548,0,-0.707106781186547,0,-0,0,0,0,0,0,0,0,0,0,0,0,0,0
17.2323232323232,4.98989898989899,0,-1,0.571428571428571,0,0,0,0,0,0,-1.5707963267949,0,0,0,0,0,0,0,0.707106781186548,0,-0.707106781186547,0,-0,0,0,0,0,0,0,0,0,0,0,0,0,0
17.3737373737374,5.07070707070707,0,-1,0.571428571428571,0,0,0,0,0,0,-1.5707963267949,0,0,0,0,0,0,0,0.707106781186548,0,-0.707106781186547,0,-0,0,0,0,0,0,0,0,0,0,0,0,0,0
17.5151515151515,5.15151515151515,0,-1,0.571428571428571,0,0,0,0,0,0,-1.5707963267949,0,0,0,0,0,0,0,0.707106781186548,0,-0.707106781186547,0,-0,0,0,0,0,0,0,0,0,0,0,0,0,0
17.6565656565657,5.23232323232323,0,-1,0.571428571428571,0,0,0,0,0,0,-1.5707963267949,0,0,0,0,0,0,0,0.707106781186548,0,-0.707106781186547,0,-0,0,0,0,0,0,0,0,0,0,0,0,0,0
17.7979797979798,5.31313131313131,0,-1,0.571428571428571,0,0,0,0,0,0,-1.5707963267949,0,0,0,0,0,0,0,0.707106781186548,0,-0.707106781186547,0,-0,0,0,0,0,0,0,0,0,0,0,0,0,0
17.9393939393939,5.39393939393939,0,-1,0.571428571428571,0,0,0,0,0,0,-1.5707963267949,0,0,0,0,0,0,0,0.707106781186548,0,-0.707106781186547,0,-0,0,0,0,0,0,0,0,0,0,0,0,0,0
18.0808080808081,5.47474747474747,0,-1,0.571428571428571,0,0,0,0,0,0,-1.5707963267949,0,0,0,0,0,0,0,0.707106781186548,0,-0.707106781186547,0,-0,0,0,0,0,0,0,0,0,0,0,0,0,0
18.2222222222222,5.55555555555556,0,-1,0.571428571428571,0,0,0,0,0,0,-1.5707963267949,0,0,0,0,0,0,0,0.707106781186548,0,-0.707106781186547,0,-0,0,0,0,0,0,0,0,0,0,0,0,0,0
18.3636363636364,5.63636363636364,0,-1,0.571428571428571,0,0,0,0,0,0,-1.5707963267949,0,0,0,0,0,0,0,0.707106781186548,0,-0.707106781186547,0,-0,0,0,0,0,0,0,0,0,0,0,0,0,0
18.5050505050505,5.71717171717172,0,-1,0.571428571428571,0,0,0,0,0,0,-1.5707963267949,0,0,0,0,0,0,0,0.707106781186548,0,-0.707106781186547,0,-0,0,0,0,0,0,0,0,0,0,0,0,0,0
18.6464646464646,5.7979797979798,0,-1,0.571428571428571,0,0,0,0,0,0,-1.5707963267949,0,0,0,0,0,0,0,0.707106781186548,0,-0.707106781186547,0,-0,0,0,0,0,0,0,0,0,0,0,0,0,0
18.7878787878788,5.87878787878788,0,-1,0.571428571428571,0,0,0,0,0,0,-1.5707963267949,0,0,0,0,0,0,0,0.707106781186548,0,-0.707106781186547,0,-0,0,0,0,0,0,0,0,0,0,0,0,0,0
18.9292929292929,5.95959595959596,0,-1,0.571428571428571,0,0,0,0,0,0,-1.5707963267949,0,0,0,0,0,0,0,0.707106781186548,0,-0.707106781186547,0,-0,0,0,0,0,0,0,0,0,0,0,0,0,0
19.0707070707071,6.04040404040404,0,-1,0.571428571428571,0,0,0,0,0,0,-1.5707963267949,0,0,0,0,0,0,0,0.707106781186548,0,-0.707106781186547,0,-0,0,0,0,0,0,0,0,0,0,0,0,0,0
19.2121212121212,6.12121212121212,0,-1,0.571428571428571,0,0,0,0,0,0,-1.5707963267949,0,0,0,0,0,0,0,0.707106781186548,0,-0.707106781186547,0,-0,0,0,0,0,0,0,0,0,0,0,0,0,0
19.3535353535354,6.2020202020202,0,-1,0.571428571428571,0,0,0,0,0,0,-1.5707963267949,0,0,0,0,0,0,0,0.707106781186548,0,-0.707106781186547,0,-0,0,0,0,0,0,0,0,0,0,0,0,0,0
19.4949494949495,6.28282828282828,0,-1,0.571428571428571,0,0,0,0,0,0,-1.5707963267949,0,0,0,0,0,0,0,0.707106781186548,0,-0.707106781186547,0,-0,0,0,0,0,0,0,0,0,0,0,0,0,0
19.6363636363636,6.36363636363636,0,-1,0.571428571428571,0,0,0,0,0,0,-1.5707963267949,0,0,0,0,0,0,0,0.707106781186548,0,-0.707106781186547,0,-0,0,0,0,0,0,0,0,0,0,0,0,0,0
19.7777777777778,6.44444444444444,0,-1,0.571428571428571,0,0,0,0,0,0,-1.5707963267949,0,0,0,0,0,0,0,0.707106781186548,0,-0.707106781186547,0,-0,0,0,0,0,0,0,0,0,0,0,0,0,0
19.9191919191919,6.52525252525253,0,-1,0.571428571428571,0,0,0,0,0,0,-1.5707963267949,0,0,0,0,0,0,0,0.707106781186548,0,-0.707106781186547,0,-0,0,0,0,0,0,0,0,0,0,0,0,0,0
20.0606060606061,6.60606060606061,0,-1,0.571428571428571,0,0,0,0,0,0,-1.5707963267949,0,0,0,0,0,0,0,0.707106781186548,0,-0.707106781186547,0,-0,0,0,0,0,0,0,0,0,0,0,0,0,0
20.2020202020202,6.68686868686869,0,-1,0.571428571428571,0,0,0,0,0,0,-1.5707963267949,0,0,0,0,0,0,0,0.707106781186548,0,-0.707106781186547,0,-0,0,0,0,0,0,0,0,0,0,0,0,0,0
20.3434343434343,6.76767676767677,0,-1,0.571428571428571,0,0,0,0,0,0,-1.5707963267949,0,0,0,0,0,0,0,0.707106781186548,0,-0.707106781186547,0,-0,0,0,0,0,0,0,0,0,0,0,0,0,0
20.4848484848485,6.84848484848485,0,-1,0.571428571428571,0,0,0,0,0,0,-1.5707963267949,0,0,0,0,0,0,0,0.707106781186548,0,-0.707106781186547,0,-0,0,0,0,0,0,0,0,0,0,0,0,0,0
20.6262626262626,6.92929292929293,0,-1,0.571428571428571,0,0,0,0,0,0,-1.5707963267949,0,0,0,0,0,0,0,0.707106781186548,0,-0.707106781186547,0,-0,0,0,0,0,0,0,0,0,0,0,0,0,0
20.7676767676768,7.01010101010101,0,-1,0.571428571428571,0,0,0,0,0,0,-1.5707963267949,0,0,0,0,0,0,0,0.707106781186548,0,-0.707106781186547,0,-0,0,0,0,0,0,0,0,0,0,0,0,0,0
20.9090909090909,7.09090909090909,0,-1,0.571428571428571,0,0,0,0,0,0,-1.5707963267949,0,0,0,0,0,0,0,0.707106781186548,0,-0.707106781186547,0,-0,0,0,0,0,0,0,0,0,0,0,0,0,0
21.0505050505051,7.17171717171717,0,-1,0.571428571428571,0,0,0,0,0,0,-1.5707963267949,0,0,0,0,0,0,0,0.707106781186548,0,-0.707106781186547,0,-0,0,0,0,0,0,0,0,0,0,0,0,0,0
21.1919191919192,7.25252525252525,0,-1,0.571428571428571,0,0,0,0,0,0,-1.5707963267949,0,0,0,0,0,0,0,0.707106781186548,0,-0.707106781186547,0,-0,0,0,0,0,0,0,0,0,0,0,0,0,0
21.3333333333333,7.33333333333333,0,-1,0.571428571428571,0,0,0,0,0,0,-1.5707963267949,0,0,0,0,0,0,0,0.707106781186548,0,-0.707106781186547,0,-0,0,0,0,0,0,0,0,0,0,0,0,0,0
21.4747474747475,7.41414141414141,0,-1,0.571428571428571,0,0,0,0,0,0,-1.5707963267949,0,0,0,0,0,0,0,0.707106781186548,0,-0.707106781186547,0,-0,0,0,0,0,0,0,0,0,0,0,0,0,0
21.6161616161616,7.49494949494949,0,-1,0.571428571428571,0,0,0,0,0,0,-1.5707963267949,0,0,0,0,0,0,0,0.707106781186548,0,-0.707106781186547,0,-0,0,0,0,0,0,0,0,0,0,0,0,0,0
21.7575757575758,7.57575757575758,0,-1,0.571428571428571,0,0,0,0,0,0,-1.5707963267949,0,0,0,0,0,0,0,0.707106781186548,0,-0.707106781186547,0,-0,0,0,0,0,0,0,0,0,0,0,0,0,0
21.8989898989899,7.65656565656566,0,-1,0.571428571428571,0,0,0,0,0,0,-1.5707963267949,0,0,0,0,0,0,0,0.707106781186548,0,-0.707106781186547,0,-0,0,0,0,0,0,0,0,0,0,0,0,0,0
22.040404040404,7.73737373737374,0,-1,0.571428571428571,0,0,0,0,0,0,-1.5707963267949,0,0,0,0,0,0,0,0.707106781186548,0,-0.707106781186547,0,-0,0,0,0,0,0,0,0,0,0,0,0,0,0
22.1818181818182,7.81818181818182,0,-1,0.571428571428571,0,0,0,0,0,0,-1.5707963267949,0,0,0,0,0,0,0,0.707106781186548,0,-0.707106781186547,0,-0,0,0,0,0,0,0,0,0,0,0,0,0,0
22.3232323232323,7.8989898989899,0,-1,0.571428571428571,0,0,0,0,0,0,-1.5707963267949,0,0,0,0,0,0,0,0.707106781186548,0,-0.707106781186547,0,-0,0,0,0,0,0,0,0,0,0,0,0,0,0
22.4646464646465,7.97979797979798,0,-1,0.571428571428571,0,0,0,0,0,0,-1.5707963267949,0,0,0,0,0,0,0,0.707106781186548,0,-0.707106781186547,0,-0,0,0,0,0,0,0,0,0,0,0,0,0,0
22.6060606060606,8.06060606060606,0,-1,0.571428571428571,0,0,0,0,0,0,-1.5707963267949,0,0,0,0,0,0,0,0.707106781186548,0,-0.707106781186547,0,-0,0,0,0,0,0,0,0,0,0,0,0,0,0
22.7474747474747,8.14141414141414,0,-1,0.571428571428571,0,0,0,0,0,0,-1.5707963267949,0,0,0,0,0,0,0,0.707106781186548,0,-0.707106781186547,0,-0,0,0,0,0,0,0,0,0,0,0,0,0,0
22.8888888888889,8.22222222222222,0,-1,0.571428571428571,0,0,0,0,0,0,-1.5707963267949,0,0,0,0,0,0,0,0.707106781186548,0,-0.707106781186547,0,-0,0,0,0,0,0,0,0,0,0,0,0,0,0
23.030303030303,8.3030303030303,0,-1,0.571428571428571,0,0,0,0,0,0,-1.5707963267949,0,0,0,0,0,0,0,0.707106781186548,0,-0.707106781186547,0,-0,0,0,0,0,0,0,0,0,0,0,0,0,0
23.1717171717172,8.38383838383838,0,-1,0.571428571428571,0,0,0,0,0,0,-1.5707963267949,0,0,0,0,0,0,0,0.707106781186548,0,-0.707106781186547,0,-0,0,0,0,0,0,0,0,0,0,0,0,0,0
23.3131313131313,8.46464646464647,0,-1,0.571428571428571,0,0,0,0,0,0,-1.5707963267949,0,0,0,0,0,0,0,0.707106781186548,0,-0.707106781186547,0,-0,0,0,0,0,0,0,0,0,0,0,0,0,0
23.4545454545455,8.54545454545454,0,-1,0.571428571428571,0,0,0,0,0,0,-1.5707963267949,0,0,0,0,0,0,0,0.707106781186548,0,-0.707106781186547,0,-0,0,0,0,0,0,0,0,0,0,0,0,0,0
23.5959595959596,8.62626262626263,0,-1,0.571428571428571,0,0,0,0,0,0,-1.5707963267949,0,0,0,0,0,0,0,0.707106781186548,0,-0.707106781186547,0,-0,0,0,0,0,0,0,0,0,0,0,0,0,0
23.7373737373737,8.70707070707071,0,-1,0.571428571428571,0,0,0,0,0,0,-1.5707963267949,0,0,0,0,0,0,0,0.707106781186548,0,-0.707106781186547,0,-0,0,0,0,0,0,0,0,0,0,0,0,0,0
23.8787878787879,8.78787878787879,0,-1,0.571428571428571,0,0,0,0,0,0,-1.5707963267949,0,0,0,0,0,0,0,0.707106781186548,0,-0.707106781186547,0,-0,0,0,0,0,0,0,0,0,0,0,0,0,0
24.020202020202,8.86868686868687,0,-1,0.571428571428571,0,0,0,0,0,0,-1.5707963267949,0,0,0,0,0,0,0,0.707106781186548,0,-0.707106781186547,0,-0,0,0,0,0,0,0,0,0,0,0,0,0,0
24.1616161616162,8.94949494949495,0,-1,0.571428571428571,0,0,0,0,0,0,-1.5707963267949,0,0,0,0,0,0,0,0.707106781186548,0,-0.707106781186547,0,-0,0,0,0,0,0,0,0,0,0,0,0,0,0
24.3030303030303,9.03030303030303,0,-1,0.571428571428571,0,0,0,0,0,0,-1.5707963267949,0,0,0,0,0,0,0,0.707106781186548,0,-0.707106781186547,0,-0,0,0,0,0,0,0,0,0,0,0,0,0,0
24.4444444444444,9.11111111111111,0,-1,0.571428571428571,0,0,0,0,0,0,-1.5707963267949,0,0,0,0,0,0,0,0.707106781186548,0,-0.707106781186547,0,-0,0,0,0,0,0,0,0,0,0,0,0,0,0
24.5858585858586,9.19191919191919,0,-1,0.571428571428571,0,0,0,0,0,0,-1.5707963267949,0,0,0,0,0,0,0,0.707106781186548,0,-0.707106781186547,0,-0,0,0,0,0,0,0,0,0,0,0,0,0,0
24.7272727272727,9.27272727272727,0,-1,0.571428571428571,0,0,0,0,0,0,-1.5707963267949,0,0,0,0,0,0,0,0.707106781186548,0,-0.707106781186547,0,-0,0,0,0,0,0,0,0,0,0,0,0,0,0
24.8686868686869,9.35353535353535,0,-1,0.571428571428571,0,0,0,0,0,0,-1.5707963267949,0,0,0,0,0,0,0,0.707106781186548,0,-0.707106781186547,0,-0,0,0,0,0,0,0,0,0,0,0,0,0,0
25.010101010101,9.43434343434343,0,-1,0.571428571428571,0,0,0,0,0,0,-1.5707963267949,0,0,0,0,0,0,0,0.707106781186548,0,-0.707106781186547,0,-0,0,0,0,0,0,0,0,0,0,0,0,0,0
25.1515151515152,9.51515151515152,0,-1,0.571428571428571,0,0,0,0,0,0,-1.5707963267949,0,0,0,0,0,0,0,0.707106781186548,0,-0.707106781186547,0,-0,0,0,0,0,0,0,0,0,0,0,0,0,0
25.2929292929293,9.5959595959596,0,-1,0.571428571428571,0,0,0,0,0,0,-1.5707963267949,0,0,0,0,0,0,0,0.707106781186548,0,-0.707106781186547,0,-0,0,0,0,0,0,0,0,0,0,0,0,0,0
25.4343434343434,9.67676767676767,0,-1,0.571428571428571,0,0,0,0,0,0,-1.5707963267949,0,0,0,0,0,0,0,0.707106781186548,0,-0.707106781186547,0,-0,0,0,0,0,0,0,0,0,0,0,0,0,0
25.5757575757576,9.75757575757576,0,-1,0.571428571428571,0,0,0,0,0,0,-1.5707963267949,0,0,0,0,0,0,0,0.707106781186548,0,-0.707106781186547,0,-0,0,0,0,0,0,0,0,0,0,0,0,0,0
25.7171717171717,9.83838383838384,0,-1,0.571428571428571,0,0,0,0,0,0,-1.5707963267949,0,0,0,0,0,0,0,0.707106781186548,0,-0.707106781186547,0,-0,0,0,0,0,0,0,0,0,0,0,0,0,0
25.8585858585859,9.91919191919192,0,-1,0.571428571428571,0,0,0,0,0,0,-1.5707963267949,0,0,0,0,0,0,0,0.707106781186548,0,-0.707106781186547,0,-0,0,0,0,0,0,0,0,0,0,0,0,0,0
26,10,0,-1,0.571428571428571,0,0,0,0,0,0,-1.5707963267949,0,0,0,0,0,0,0,0.707106781186548,0,-0.707106781186547,0,-0,0,0,0,0,0,0,0,0,0,0,0,0,0
